arm,policy,alpha,costing,n_series,n_days,n_reviews,CSR,FR,avg_cost_per_series_day,avg_inventory,total_lost,S_median,n_violations
chronos2-zs,P1,0.85,derived,1921,63,3,0.8535,0.7852,0.551616,36.07,35155.0,15.0,0
chronos2-zs,P1,0.85,margin,1921,63,3,0.8535,0.7852,1.13169,36.07,35155.0,15.0,0
chronos2-zs,P2,0.85,derived,1921,63,3,0.8549,0.7947,0.543657,37.03,33599.1,15.3,0
chronos2-zs,P2,0.85,margin,1921,63,3,0.8549,0.7947,1.109391,37.03,33599.1,15.3,0
chronos2-zs,P3,0.85,derived,1921,63,3,0.8593,0.7952,0.54322,37.12,33516.0,15.0,0
chronos2-zs,P3,0.85,margin,1921,63,3,0.8593,0.7952,1.107163,37.12,33516.0,15.0,0
chronos2-zs,P1,0.9,derived,1921,63,3,0.8666,0.7982,0.763662,37.83,33031.0,16.0,0
chronos2-zs,P1,0.9,margin,1921,63,3,0.8666,0.7982,1.091697,37.83,33031.0,16.0,0
chronos2-zs,P2,0.9,derived,1921,63,3,0.8662,0.806,0.751744,38.63,31755.0,16.4,0
chronos2-zs,P2,0.9,margin,1921,63,3,0.8662,0.806,1.075178,38.63,31755.0,16.4,0
chronos2-zs,P3,0.9,derived,1921,63,3,0.8728,0.8078,0.748914,38.96,31461.0,17.0,0
chronos2-zs,P3,0.9,margin,1921,63,3,0.8728,0.8078,1.068196,38.96,31461.0,17.0,0
chronos2-zs,P1,0.95,derived,1921,63,3,0.8844,0.8165,1.354673,40.86,30038.0,19.0,0
chronos2-zs,P1,0.95,margin,1921,63,3,0.8844,0.8165,1.035056,40.86,30038.0,19.0,0
chronos2-zs,P2,0.95,derived,1921,63,3,0.8818,0.8214,1.341243,41.05,29239.9,18.3,0
chronos2-zs,P2,0.95,margin,1921,63,3,0.8818,0.8214,1.029371,41.05,29239.9,18.3,0
chronos2-zs,P3,0.95,derived,1921,63,3,0.8919,0.8255,1.324514,42.07,28556.0,19.0,0
chronos2-zs,P3,0.95,margin,1921,63,3,0.8919,0.8255,1.013761,42.07,28556.0,19.0,0
chronos2-zs,P1,0.98,derived,1921,63,3,0.9056,0.8345,3.021109,44.36,27093.0,21.0,0
chronos2-zs,P1,0.98,margin,1921,63,3,0.9056,0.8345,0.985597,44.36,27093.0,21.0,0
chronos2-zs,P2,0.98,derived,1921,63,3,0.8994,0.8367,3.014365,43.85,26721.1,20.1,0
chronos2-zs,P2,0.98,margin,1921,63,3,0.8994,0.8367,0.986258,43.85,26721.1,20.1,0
chronos2-zs,P3,0.98,derived,1921,63,3,0.9106,0.8428,2.944489,45.65,25731.0,22.0,0
chronos2-zs,P3,0.98,margin,1921,63,3,0.9106,0.8428,0.967713,45.65,25731.0,22.0,0
chronos2-ft-full,P1,0.85,derived,1921,63,3,0.8412,0.7789,0.549009,33.96,36186.0,13.0,0
chronos2-ft-full,P1,0.85,margin,1921,63,3,0.8412,0.7789,1.150041,33.96,36186.0,13.0,0
chronos2-ft-full,P2,0.85,derived,1921,63,3,0.8435,0.7886,0.540202,34.87,34604.5,13.1,0
chronos2-ft-full,P2,0.85,margin,1921,63,3,0.8435,0.7886,1.127,34.87,34604.5,13.1,0
chronos2-ft-full,P3,0.85,derived,1921,63,3,0.8487,0.789,0.539732,34.94,34538.0,13.0,0
chronos2-ft-full,P3,0.85,margin,1921,63,3,0.8487,0.789,1.124399,34.94,34538.0,13.0,0
chronos2-ft-full,P1,0.9,derived,1921,63,3,0.8558,0.7917,0.764665,35.47,34095.0,14.0,0
chronos2-ft-full,P1,0.9,margin,1921,63,3,0.8558,0.7917,1.108857,35.47,34095.0,14.0,0
chronos2-ft-full,P2,0.9,derived,1921,63,3,0.8555,0.7996,0.752305,36.24,32798.1,14.1,0
chronos2-ft-full,P2,0.9,margin,1921,63,3,0.8555,0.7996,1.091483,36.24,32798.1,14.1,0
chronos2-ft-full,P3,0.9,derived,1921,63,3,0.8621,0.8012,0.749689,36.5,32535.0,14.0,0
chronos2-ft-full,P3,0.9,margin,1921,63,3,0.8621,0.8012,1.085503,36.5,32535.0,14.0,0
chronos2-ft-full,P1,0.95,derived,1921,63,3,0.8754,0.8095,1.369104,38.03,31177.0,16.0,0
chronos2-ft-full,P1,0.95,margin,1921,63,3,0.8754,0.8095,1.04888,38.03,31177.0,16.0,0
chronos2-ft-full,P2,0.95,derived,1921,63,3,0.8718,0.8147,1.355942,38.33,30334.0,15.7,0
chronos2-ft-full,P2,0.95,margin,1921,63,3,0.8718,0.8147,1.043955,38.33,30334.0,15.7,0
chronos2-ft-full,P3,0.95,derived,1921,63,3,0.8806,0.8187,1.33595,39.12,29670.0,17.0,0
chronos2-ft-full,P3,0.95,margin,1921,63,3,0.8806,0.8187,1.026827,39.12,29670.0,17.0,0
chronos2-ft-full,P1,0.98,derived,1921,63,3,0.8959,0.8278,3.071678,40.96,28186.0,18.0,0
chronos2-ft-full,P1,0.98,margin,1921,63,3,0.8959,0.8278,0.995142,40.96,28186.0,18.0,0
chronos2-ft-full,P2,0.98,derived,1921,63,3,0.8895,0.8302,3.065378,40.74,27788.3,17.5,0
chronos2-ft-full,P2,0.98,margin,1921,63,3,0.8895,0.8302,0.99713,40.74,27788.3,17.5,0
chronos2-ft-full,P3,0.98,derived,1921,63,3,0.903,0.8363,2.993142,42.12,26787.0,19.0,0
chronos2-ft-full,P3,0.98,margin,1921,63,3,0.903,0.8363,0.976209,42.12,26787.0,19.0,0
chronos2-ft-full-h32,P1,0.85,derived,1921,63,3,0.8338,0.7707,0.560978,32.82,37537.3,12.0,0
chronos2-ft-full-h32,P1,0.85,margin,1921,63,3,0.8338,0.7707,1.195653,32.82,37537.3,12.0,0
chronos2-ft-full-h32,P2,0.85,derived,1921,63,3,0.8345,0.7806,0.551628,33.67,35917.1,12.6,0
chronos2-ft-full-h32,P2,0.85,margin,1921,63,3,0.8345,0.7806,1.171405,33.67,35917.1,12.6,0
chronos2-ft-full-h32,P3,0.85,derived,1921,63,3,0.8405,0.7809,0.551093,33.73,35858.0,13.0,0
chronos2-ft-full-h32,P3,0.85,margin,1921,63,3,0.8405,0.7809,1.168923,33.73,35858.0,13.0,0
chronos2-ft-full-h32,P1,0.9,derived,1921,63,3,0.8473,0.784,0.783739,34.21,35362.0,13.0,0
chronos2-ft-full-h32,P1,0.9,margin,1921,63,3,0.8473,0.784,1.150765,34.21,35362.0,13.0,0
chronos2-ft-full-h32,P2,0.9,derived,1921,63,3,0.8471,0.792,0.771425,34.94,34040.8,13.6,0
chronos2-ft-full-h32,P2,0.9,margin,1921,63,3,0.8471,0.792,1.133559,34.94,34040.8,13.6,0
chronos2-ft-full-h32,P3,0.9,derived,1921,63,3,0.8548,0.7935,0.768598,35.13,33796.0,14.0,0
chronos2-ft-full-h32,P3,0.9,margin,1921,63,3,0.8548,0.7935,1.127782,35.13,33796.0,14.0,0
chronos2-ft-full-h32,P1,0.95,derived,1921,63,3,0.8692,0.8022,1.411291,36.59,32372.0,15.0,0
chronos2-ft-full-h32,P1,0.95,margin,1921,63,3,0.8692,0.8022,1.088464,36.59,32372.0,15.0,0
chronos2-ft-full-h32,P2,0.95,derived,1921,63,3,0.8641,0.8074,1.398232,36.89,31520.5,15.0,0
chronos2-ft-full-h32,P2,0.95,margin,1921,63,3,0.8641,0.8074,1.083767,36.89,31520.5,15.0,0
chronos2-ft-full-h32,P3,0.95,derived,1921,63,3,0.8744,0.8113,1.378734,37.58,30894.0,16.0,0
chronos2-ft-full-h32,P3,0.95,margin,1921,63,3,0.8744,0.8113,1.067337,37.58,30894.0,16.0,0
chronos2-ft-full-h32,P1,0.98,derived,1921,63,3,0.8881,0.8208,3.179336,39.28,29334.0,17.0,0
chronos2-ft-full-h32,P1,0.98,margin,1921,63,3,0.8881,0.8208,1.031439,39.28,29334.0,17.0,0
chronos2-ft-full-h32,P2,0.98,derived,1921,63,3,0.8811,0.8233,3.17517,39.15,28916.8,16.5,0
chronos2-ft-full-h32,P2,0.98,margin,1921,63,3,0.8811,0.8233,1.034271,39.15,28916.8,16.5,0
chronos2-ft-full-h32,P3,0.98,derived,1921,63,3,0.8948,0.8295,3.095266,40.35,27911.0,18.0,0
chronos2-ft-full-h32,P3,0.98,margin,1921,63,3,0.8948,0.8295,1.011162,40.35,27911.0,18.0,0
chronos2-ft-full-short,P1,0.85,derived,1921,63,3,0.8341,0.7696,0.559013,32.94,37705.0,13.0,0
chronos2-ft-full-short,P1,0.85,margin,1921,63,3,0.8341,0.7696,1.181058,32.94,37705.0,13.0,0
chronos2-ft-full-short,P2,0.85,derived,1921,63,3,0.8358,0.7797,0.549527,33.78,36055.0,12.8,0
chronos2-ft-full-short,P2,0.85,margin,1921,63,3,0.8358,0.7797,1.156976,33.78,36055.0,12.8,0
chronos2-ft-full-short,P3,0.85,derived,1921,63,3,0.8412,0.7803,0.549161,33.86,35958.0,13.0,0
chronos2-ft-full-short,P3,0.85,margin,1921,63,3,0.8412,0.7803,1.154068,33.86,35958.0,13.0,0
chronos2-ft-full-short,P1,0.9,derived,1921,63,3,0.8471,0.7832,0.78024,34.36,35484.0,14.0,0
chronos2-ft-full-short,P1,0.9,margin,1921,63,3,0.8471,0.7832,1.136587,34.36,35484.0,14.0,0
chronos2-ft-full-short,P2,0.9,derived,1921,63,3,0.8483,0.7914,0.767544,35.09,34141.8,13.8,0
chronos2-ft-full-short,P2,0.9,margin,1921,63,3,0.8483,0.7914,1.11917,35.09,34141.8,13.8,0
chronos2-ft-full-short,P3,0.9,derived,1921,63,3,0.8549,0.7932,0.764491,35.33,33847.0,14.0,0
chronos2-ft-full-short,P3,0.9,margin,1921,63,3,0.8549,0.7932,1.112875,35.33,33847.0,14.0,0
chronos2-ft-full-short,P1,0.95,derived,1921,63,3,0.8697,0.8018,1.402629,36.84,32434.0,16.0,0
chronos2-ft-full-short,P1,0.95,margin,1921,63,3,0.8697,0.8018,1.075318,36.84,32434.0,16.0,0
chronos2-ft-full-short,P2,0.95,derived,1921,63,3,0.866,0.807,1.389378,37.1,31598.0,15.3,0
chronos2-ft-full-short,P2,0.95,margin,1921,63,3,0.866,0.807,1.070473,37.1,31598.0,15.3,0
chronos2-ft-full-short,P3,0.95,derived,1921,63,3,0.8754,0.8112,1.368146,37.88,30902.0,16.0,0
chronos2-ft-full-short,P3,0.95,margin,1921,63,3,0.8754,0.8112,1.053167,37.88,30902.0,16.0,0
chronos2-ft-full-short,P1,0.98,derived,1921,63,3,0.8883,0.8204,3.155005,39.63,29389.0,18.0,0
chronos2-ft-full-short,P1,0.98,margin,1921,63,3,0.8883,0.8204,1.019133,39.63,29389.0,18.0,0
chronos2-ft-full-short,P2,0.98,derived,1921,63,3,0.8817,0.8229,3.150678,39.42,28984.3,17.0,0
chronos2-ft-full-short,P2,0.98,margin,1921,63,3,0.8817,0.8229,1.021695,39.42,28984.3,17.0,0
chronos2-ft-full-short,P3,0.98,derived,1921,63,3,0.8961,0.8293,3.071691,40.75,27934.0,18.0,0
chronos2-ft-full-short,P3,0.98,margin,1921,63,3,0.8961,0.8293,0.999271,40.75,27934.0,18.0,0
emp-daily,P1,0.85,derived,1921,63,3,0.8449,0.7598,0.583762,34.44,39317.0,13.0,0
emp-daily,P1,0.85,margin,1921,63,3,0.8449,0.7598,1.200687,34.44,39317.0,13.0,0
emp-daily,P2,0.85,derived,1921,63,3,0.844,0.7697,0.574519,35.29,37696.0,13.0,0
emp-daily,P2,0.85,margin,1921,63,3,0.844,0.7697,1.177274,35.29,37696.0,13.0,0
emp-daily,P3,0.85,derived,1921,63,3,0.8496,0.7699,0.574698,35.36,37668.0,13.0,0
emp-daily,P3,0.85,margin,1921,63,3,0.8496,0.7699,1.176365,35.36,37668.0,13.0,0
emp-daily,P1,0.9,derived,1921,63,3,0.8567,0.7733,0.813383,36.01,37100.0,14.0,0
emp-daily,P1,0.9,margin,1921,63,3,0.8567,0.7733,1.158055,36.01,37100.0,14.0,0
emp-daily,P2,0.9,derived,1921,63,3,0.8574,0.7814,0.800429,36.76,35776.0,14.4,0
emp-daily,P2,0.9,margin,1921,63,3,0.8574,0.7814,1.138502,36.76,35776.0,14.4,0
emp-daily,P3,0.9,derived,1921,63,3,0.8614,0.7827,0.797322,36.92,35561.0,14.0,0
emp-daily,P3,0.9,margin,1921,63,3,0.8614,0.7827,1.133711,36.92,35561.0,14.0,0
emp-daily,P1,0.95,derived,1921,63,3,0.8747,0.7921,1.453822,38.92,34027.0,16.0,0
emp-daily,P1,0.95,margin,1921,63,3,0.8747,0.7921,1.089157,38.92,34027.0,16.0,0
emp-daily,P2,0.95,derived,1921,63,3,0.8693,0.7972,1.440444,38.99,33189.6,16.2,0
emp-daily,P2,0.95,margin,1921,63,3,0.8693,0.7972,1.085702,38.99,33189.6,16.2,0
emp-daily,P3,0.95,derived,1921,63,3,0.8789,0.801,1.420768,39.91,32572.0,17.0,0
emp-daily,P3,0.95,margin,1921,63,3,0.8789,0.801,1.068793,39.91,32572.0,17.0,0
emp-daily,P1,0.98,derived,1921,63,3,0.8912,0.8109,3.255965,41.9,30957.0,18.0,0
emp-daily,P1,0.98,margin,1921,63,3,0.8912,0.8109,1.036852,41.9,30957.0,18.0,0
emp-daily,P2,0.98,derived,1921,63,3,0.8837,0.8135,3.253602,41.58,30524.9,17.6,0
emp-daily,P2,0.98,margin,1921,63,3,0.8837,0.8135,1.038187,41.58,30524.9,17.6,0
emp-daily,P3,0.98,derived,1921,63,3,0.895,0.8192,3.181029,42.97,29595.0,18.0,0
emp-daily,P3,0.98,margin,1921,63,3,0.895,0.8192,1.019973,42.97,29595.0,18.0,0
gbdt-lean,P1,0.85,derived,1921,63,3,0.843,0.679,0.682453,33.63,52545.5,22.0,0
gbdt-lean,P1,0.85,margin,1921,63,3,0.843,0.679,1.467093,33.63,52545.5,22.0,0
gbdt-lean,P2,0.85,derived,1921,63,3,0.8426,0.6874,0.674716,34.53,51166.6,22.9,0
gbdt-lean,P2,0.85,margin,1921,63,3,0.8426,0.6874,1.445695,34.53,51166.6,22.9,0
gbdt-lean,P3,0.85,derived,1921,63,3,0.8497,0.6886,0.673412,34.7,50972.5,23.0,0
gbdt-lean,P3,0.85,margin,1921,63,3,0.8497,0.6886,1.441429,34.7,50972.5,23.0,0
gbdt-lean,P1,0.9,derived,1921,63,3,0.8548,0.6925,0.971114,35.38,50323.5,26.0,0
gbdt-lean,P1,0.9,margin,1921,63,3,0.8548,0.6925,1.428304,35.38,50323.5,26.0,0
gbdt-lean,P2,0.9,derived,1921,63,3,0.8542,0.6986,0.960999,36.0,49335.1,26.1,0
gbdt-lean,P2,0.9,margin,1921,63,3,0.8542,0.6986,1.413769,36.0,49335.1,26.1,0
gbdt-lean,P3,0.9,derived,1921,63,3,0.8601,0.702,0.955989,36.52,48784.5,27.0,0
gbdt-lean,P3,0.9,margin,1921,63,3,0.8601,0.702,1.403903,36.52,48784.5,27.0,0
gbdt-lean,P1,0.95,derived,1921,63,3,0.8695,0.7113,1.79539,38.06,47255.5,29.0,0
gbdt-lean,P1,0.95,margin,1921,63,3,0.8695,0.7113,1.376148,38.06,47255.5,29.0,0
gbdt-lean,P2,0.95,derived,1921,63,3,0.8655,0.7145,1.785508,38.23,46736.7,28.6,0
gbdt-lean,P2,0.95,margin,1921,63,3,0.8655,0.7145,1.371057,38.23,46736.7,28.6,0
gbdt-lean,P3,0.95,derived,1921,63,3,0.8744,0.7204,1.761517,39.28,45758.5,30.0,0
gbdt-lean,P3,0.95,margin,1921,63,3,0.8744,0.7204,1.353486,39.28,45758.5,30.0,0
gbdt-lean,P1,0.98,derived,1921,63,3,0.881,0.7307,4.139381,41.29,44077.5,32.0,0
gbdt-lean,P1,0.98,margin,1921,63,3,0.881,0.7307,1.323517,41.29,44077.5,32.0,0
gbdt-lean,P2,0.98,derived,1921,63,3,0.8761,0.7307,4.15088,40.81,44071.6,31.4,0
gbdt-lean,P2,0.98,margin,1921,63,3,0.8761,0.7307,1.328181,40.81,44071.6,31.4,0
gbdt-lean,P3,0.98,derived,1921,63,3,0.8855,0.7394,4.044146,42.65,42653.5,33.0,0
gbdt-lean,P3,0.98,margin,1921,63,3,0.8855,0.7394,1.302715,42.65,42653.5,33.0,0
always-zero,P1,0.85,derived,1921,63,3,0.6446,0.2617,1.189615,16.08,120836.1,0.0,0
always-zero,P1,0.85,margin,1921,63,3,0.6446,0.2617,2.778613,16.08,120836.1,0.0,0
always-zero,P2,0.85,derived,1921,63,3,0.6446,0.2617,1.189615,16.08,120836.1,0.0,0
always-zero,P2,0.85,margin,1921,63,3,0.6446,0.2617,2.778613,16.08,120836.1,0.0,0
always-zero,P3,0.85,derived,1921,63,3,0.6446,0.2617,1.189615,16.08,120836.1,0.0,0
always-zero,P3,0.85,margin,1921,63,3,0.6446,0.2617,2.778613,16.08,120836.1,0.0,0
always-zero,P1,0.9,derived,1921,63,3,0.6446,0.2617,1.839321,16.08,120836.1,0.0,0
always-zero,P1,0.9,margin,1921,63,3,0.6446,0.2617,2.778613,16.08,120836.1,0.0,0
always-zero,P2,0.9,derived,1921,63,3,0.6446,0.2617,1.839321,16.08,120836.1,0.0,0
always-zero,P2,0.9,margin,1921,63,3,0.6446,0.2617,2.778613,16.08,120836.1,0.0,0
always-zero,P3,0.9,derived,1921,63,3,0.6446,0.2617,1.839321,16.08,120836.1,0.0,0
always-zero,P3,0.9,margin,1921,63,3,0.6446,0.2617,2.778613,16.08,120836.1,0.0,0
always-zero,P1,0.95,derived,1921,63,3,0.6446,0.2617,3.788436,16.08,120836.1,0.0,0
always-zero,P1,0.95,margin,1921,63,3,0.6446,0.2617,2.778613,16.08,120836.1,0.0,0
always-zero,P2,0.95,derived,1921,63,3,0.6446,0.2617,3.788436,16.08,120836.1,0.0,0
always-zero,P2,0.95,margin,1921,63,3,0.6446,0.2617,2.778613,16.08,120836.1,0.0,0
always-zero,P3,0.95,derived,1921,63,3,0.6446,0.2617,3.788436,16.08,120836.1,0.0,0
always-zero,P3,0.95,margin,1921,63,3,0.6446,0.2617,2.778613,16.08,120836.1,0.0,0
always-zero,P1,0.98,derived,1921,63,3,0.6446,0.2617,9.635782,16.08,120836.1,0.0,0
always-zero,P1,0.98,margin,1921,63,3,0.6446,0.2617,2.778613,16.08,120836.1,0.0,0
always-zero,P2,0.98,derived,1921,63,3,0.6446,0.2617,9.635782,16.08,120836.1,0.0,0
always-zero,P2,0.98,margin,1921,63,3,0.6446,0.2617,2.778613,16.08,120836.1,0.0,0
always-zero,P3,0.98,derived,1921,63,3,0.6446,0.2617,9.635782,16.08,120836.1,0.0,0
always-zero,P3,0.98,margin,1921,63,3,0.6446,0.2617,2.778613,16.08,120836.1,0.0,0
erm-gbdt-rich,P1,0.85,derived,1921,63,3,0.8778,0.8511,0.500095,40.18,24378.5,15.0,0
erm-gbdt-rich,P1,0.9,derived,1921,63,3,0.8976,0.8756,0.658977,49.77,20355.5,18.0,0
erm-gbdt-rich,P1,0.95,derived,1921,63,3,0.9268,0.9083,1.020406,78.92,15006.8,25.0,0
erm-gbdt-rich,P1,0.98,derived,1921,63,3,0.9474,0.9335,1.699023,103.8,10890.5,32.0,0
erm-gbdt-lean,P1,0.85,derived,1921,63,3,0.8806,0.7876,0.606691,44.58,34766.5,22.0,0
erm-gbdt-lean,P1,0.9,derived,1921,63,3,0.9084,0.8233,0.805813,52.98,28919.0,30.0,0
erm-gbdt-lean,P1,0.95,derived,1921,63,3,0.9453,0.8719,1.329032,71.32,20964.0,41.0,0
erm-gbdt-lean,P1,0.98,derived,1921,63,3,0.9674,0.9016,2.68287,107.84,16102.0,67.0,0
erm-linear-rich,P1,0.85,derived,1921,63,3,0.8997,0.9065,0.461477,63.36,15301.8,17.0,0
erm-linear-rich,P1,0.9,derived,1921,63,3,0.9178,0.9276,0.571106,75.31,11843.8,20.0,0
erm-linear-rich,P1,0.95,derived,1921,63,3,0.929,0.9421,0.851655,85.47,9475.8,23.0,0
erm-linear-rich,P1,0.98,derived,1921,63,3,0.9283,0.952,1.579464,98.35,7856.8,24.0,0
erm-linear-lean,P1,0.85,derived,1921,63,3,0.8756,0.7792,0.611274,45.27,36142.5,18.0,0
erm-linear-lean,P1,0.9,derived,1921,63,3,0.9032,0.8175,0.816766,54.45,29879.5,25.0,0
erm-linear-lean,P1,0.95,derived,1921,63,3,0.9424,0.8669,1.343152,75.44,21792.0,42.0,0
erm-linear-lean,P1,0.98,derived,1921,63,3,0.9715,0.9097,2.567547,117.78,14773.0,73.0,0
tft,P1,0.85,derived,1921,63,3,0.8598,0.8116,0.558709,41.51,30838.5,18.0,0
tft,P1,0.9,derived,1921,63,3,0.8808,0.8327,0.744179,44.67,27386.5,22.0,0
tft,P1,0.95,derived,1921,63,3,0.9061,0.8586,1.272711,52.15,23151.5,27.0,0
tft,P1,0.98,derived,1921,63,3,0.9269,0.8815,2.679705,61.55,19388.5,35.0,0
deepar,P1,0.85,derived,1921,63,3,0.6842,0.5011,0.900545,21.17,81666.1,0.0,0
deepar,P1,0.9,derived,1921,63,3,0.6842,0.5011,1.372215,21.17,81666.1,0.0,0
deepar,P1,0.95,derived,1921,63,3,0.6842,0.5011,2.787225,21.17,81666.1,0.0,0
deepar,P1,0.98,derived,1921,63,3,0.6842,0.5011,7.032256,21.17,81666.1,0.0,0
gbdt-rich,P1,0.85,derived,1921,63,3,0.8582,0.7359,0.6135,34.01,43230.5,17.0,0
gbdt-rich,P1,0.9,derived,1921,63,3,0.8692,0.7503,0.86196,35.59,40868.5,18.0,0
gbdt-rich,P1,0.95,derived,1921,63,3,0.8848,0.7709,1.562685,38.68,37492.5,20.0,0
gbdt-rich,P1,0.98,derived,1921,63,3,0.9018,0.792,3.540756,44.47,34037.5,22.0,0
hybrid-tsfm-gbdt,P1,0.85,derived,1921,63,3,0.8586,0.8436,0.494956,38.48,25606.5,13.0,0
hybrid-tsfm-gbdt,P1,0.9,derived,1921,63,3,0.8839,0.866,0.663556,46.7,21936.0,15.0,0
hybrid-tsfm-gbdt,P1,0.95,derived,1921,63,3,0.9165,0.9024,1.03632,68.03,15969.0,19.0,0
hybrid-tsfm-gbdt,P1,0.98,derived,1921,63,3,0.9429,0.9323,1.917537,111.39,11080.0,24.0,0
hybrid-tsfm-linear,P1,0.85,derived,1921,63,3,0.8997,0.9,0.454743,55.26,16361.5,15.0,0
hybrid-tsfm-linear,P1,0.9,derived,1921,63,3,0.9301,0.933,0.54945,73.42,10965.5,20.0,0
hybrid-tsfm-linear,P1,0.95,derived,1921,63,3,0.9485,0.9465,0.813557,84.89,8764.0,26.0,0
hybrid-tsfm-linear,P1,0.98,derived,1921,63,3,0.9492,0.9584,1.383709,97.18,6812.0,27.0,0
