month,arm,policy,alpha,costing,n_series,n_costed,CSR,FR,cost_layerc,hold_layerc,short_layerc,avg_inventory,total_lost,S_median,n_violations
2019-07-01,chronos2-zs,P1,0.85,derived,1926,1640,0.8723,0.8556,15.1313,10.606,4.5253,39.23,10881.0,15.0,0
2019-07-01,chronos2-zs,P1,0.85,margin,1926,1640,0.8723,0.8556,22.7539,10.606,12.148,39.23,10881.0,15.0,0
2019-07-01,chronos2-zs,P2,0.85,derived,1926,1640,0.8728,0.8642,15.0795,10.8035,4.276,40.18,10237.8,15.8,0
2019-07-01,chronos2-zs,P2,0.85,margin,1926,1640,0.8728,0.8642,22.3918,10.8035,11.5883,40.18,10237.8,15.8,0
2019-07-01,chronos2-zs,P3,0.85,derived,1926,1640,0.8785,0.8649,15.0762,10.8356,4.2405,40.28,10182.0,16.0,0
2019-07-01,chronos2-zs,P3,0.85,margin,1926,1640,0.8785,0.8649,22.3272,10.8356,11.4916,40.28,10182.0,16.0,0
2019-07-01,chronos2-zs,P1,0.9,derived,1926,1640,0.8847,0.8668,17.6109,11.0893,6.5216,40.97,10038.0,17.0,0
2019-07-01,chronos2-zs,P1,0.9,margin,1926,1640,0.8847,0.8668,22.2184,11.0893,11.1291,40.97,10038.0,17.0,0
2019-07-01,chronos2-zs,P2,0.9,derived,1926,1640,0.8853,0.8738,17.4402,11.2353,6.2049,41.74,9510.2,16.9,0
2019-07-01,chronos2-zs,P2,0.9,margin,1926,1640,0.8853,0.8738,21.9392,11.2353,10.7039,41.74,9510.2,16.9,0
2019-07-01,chronos2-zs,P3,0.9,derived,1926,1640,0.8904,0.8756,17.4238,11.3382,6.0857,42.07,9380.0,17.0,0
2019-07-01,chronos2-zs,P3,0.9,margin,1926,1640,0.8904,0.8756,21.8378,11.3382,10.4996,42.07,9380.0,17.0,0
2019-07-01,chronos2-zs,P1,0.95,derived,1926,1640,0.8977,0.8822,23.8231,11.9849,11.8382,43.94,8877.0,19.0,0
2019-07-01,chronos2-zs,P1,0.95,margin,1926,1640,0.8977,0.8822,21.6876,11.9849,9.7027,43.94,8877.0,19.0,0
2019-07-01,chronos2-zs,P2,0.95,derived,1926,1640,0.8977,0.8865,23.4152,11.8932,11.522,44.12,8555.8,18.8,0
2019-07-01,chronos2-zs,P2,0.95,margin,1926,1640,0.8977,0.8865,21.4203,11.8932,9.5271,44.12,8555.8,18.8,0
2019-07-01,chronos2-zs,P3,0.95,derived,1926,1640,0.9029,0.8901,23.2969,12.2389,11.058,45.12,8285.0,20.0,0
2019-07-01,chronos2-zs,P3,0.95,margin,1926,1640,0.9029,0.8901,21.3663,12.2389,9.1274,45.12,8285.0,20.0,0
2019-07-01,chronos2-zs,P1,0.98,derived,1926,1640,0.9154,0.8975,38.7863,12.963,25.8234,47.36,7728.0,22.0,0
2019-07-01,chronos2-zs,P1,0.98,margin,1926,1640,0.9154,0.8975,21.2585,12.963,8.2955,47.36,7728.0,22.0,0
2019-07-01,chronos2-zs,P2,0.98,derived,1926,1640,0.9102,0.8994,38.4846,12.6547,25.8299,46.87,7580.4,20.7,0
2019-07-01,chronos2-zs,P2,0.98,margin,1926,1640,0.9102,0.8994,21.0246,12.6547,8.3699,46.87,7580.4,20.7,0
2019-07-01,chronos2-zs,P3,0.98,derived,1926,1640,0.9195,0.9047,37.3205,13.2677,24.0528,48.67,7183.0,22.0,0
2019-07-01,chronos2-zs,P3,0.98,margin,1926,1640,0.9195,0.9047,21.069,13.2677,7.8013,48.67,7183.0,22.0,0
2019-07-01,chronos2-ft-full,P1,0.85,derived,1926,1640,0.8624,0.8505,14.6454,9.8872,4.7582,37.23,11270.0,13.0,0
2019-07-01,chronos2-ft-full,P1,0.85,margin,1926,1640,0.8624,0.8505,22.6928,9.8872,12.8056,37.23,11270.0,13.0,0
2019-07-01,chronos2-ft-full,P2,0.85,derived,1926,1640,0.8645,0.8593,14.5442,10.0537,4.4905,38.11,10604.8,13.4,0
2019-07-01,chronos2-ft-full,P2,0.85,margin,1926,1640,0.8645,0.8593,22.2677,10.0537,12.214,38.11,10604.8,13.4,0
2019-07-01,chronos2-ft-full,P3,0.85,derived,1926,1640,0.8744,0.86,14.5542,10.0811,4.4731,38.2,10553.0,13.0,0
2019-07-01,chronos2-ft-full,P3,0.85,margin,1926,1640,0.8744,0.86,22.2126,10.0811,12.1316,38.2,10553.0,13.0,0
2019-07-01,chronos2-ft-full,P1,0.9,derived,1926,1640,0.8785,0.8618,17.1308,10.2568,6.874,38.69,10417.0,14.0,0
2019-07-01,chronos2-ft-full,P1,0.9,margin,1926,1640,0.8785,0.8618,22.0039,10.2568,11.7471,38.69,10417.0,14.0,0
2019-07-01,chronos2-ft-full,P2,0.9,derived,1926,1640,0.8775,0.8688,16.9615,10.3948,6.5667,39.44,9893.0,14.6,0
2019-07-01,chronos2-ft-full,P2,0.9,margin,1926,1640,0.8775,0.8688,21.7117,10.3948,11.3169,39.44,9893.0,14.6,0
2019-07-01,chronos2-ft-full,P3,0.9,derived,1926,1640,0.8847,0.8706,16.9218,10.4653,6.4564,39.72,9754.0,15.0,0
2019-07-01,chronos2-ft-full,P3,0.9,margin,1926,1640,0.8847,0.8706,21.5895,10.4653,11.1242,39.72,9754.0,15.0,0
2019-07-01,chronos2-ft-full,P1,0.95,derived,1926,1640,0.8925,0.8767,23.5292,10.9571,12.5722,41.18,9293.0,16.0,0
2019-07-01,chronos2-ft-full,P1,0.95,margin,1926,1640,0.8925,0.8767,21.2465,10.9571,10.2894,41.18,9293.0,16.0,0
2019-07-01,chronos2-ft-full,P2,0.95,derived,1926,1640,0.891,0.8816,23.1292,10.9187,12.2105,41.47,8926.3,16.1,0
2019-07-01,chronos2-ft-full,P2,0.95,margin,1926,1640,0.891,0.8816,21.0009,10.9187,10.0822,41.47,8926.3,16.1,0
2019-07-01,chronos2-ft-full,P3,0.95,derived,1926,1640,0.8993,0.8851,22.9119,11.1858,11.7261,42.28,8659.0,17.0,0
2019-07-01,chronos2-ft-full,P3,0.95,margin,1926,1640,0.8993,0.8851,20.8746,11.1858,9.6888,42.28,8659.0,17.0,0
2019-07-01,chronos2-ft-full,P1,0.98,derived,1926,1640,0.9076,0.8924,39.2138,11.7107,27.5031,44.02,8107.0,19.0,0
2019-07-01,chronos2-ft-full,P1,0.98,margin,1926,1640,0.9076,0.8924,20.5225,11.7107,8.8118,44.02,8107.0,19.0,0
2019-07-01,chronos2-ft-full,P2,0.98,derived,1926,1640,0.9029,0.8947,38.8931,11.5351,27.358,43.84,7934.8,17.9,0
2019-07-01,chronos2-ft-full,P2,0.98,margin,1926,1640,0.9029,0.8947,20.3997,11.5351,8.8647,43.84,7934.8,17.9,0
2019-07-01,chronos2-ft-full,P3,0.98,derived,1926,1640,0.9107,0.9003,37.4463,11.9784,25.4679,45.24,7514.0,19.0,0
2019-07-01,chronos2-ft-full,P3,0.98,margin,1926,1640,0.9107,0.9003,20.2468,11.9784,8.2685,45.24,7514.0,19.0,0
2019-07-01,chronos2-ft-full-h32,P1,0.85,derived,1926,1640,0.8551,0.8442,14.6715,9.5728,5.0987,36.07,11743.0,13.0,0
2019-07-01,chronos2-ft-full-h32,P1,0.85,margin,1926,1640,0.8551,0.8442,23.4066,9.5728,13.8338,36.07,11743.0,13.0,0
2019-07-01,chronos2-ft-full-h32,P2,0.85,derived,1926,1640,0.8567,0.8534,14.5521,9.7236,4.8285,36.87,11047.9,13.0,0
2019-07-01,chronos2-ft-full-h32,P2,0.85,margin,1926,1640,0.8567,0.8534,22.9398,9.7236,13.2161,36.87,11047.9,13.0,0
2019-07-01,chronos2-ft-full-h32,P3,0.85,derived,1926,1640,0.8634,0.8539,14.5656,9.7448,4.8207,36.93,11014.0,13.0,0
2019-07-01,chronos2-ft-full-h32,P3,0.85,margin,1926,1640,0.8634,0.8539,22.9135,9.7448,13.1686,36.93,11014.0,13.0,0
2019-07-01,chronos2-ft-full-h32,P1,0.9,derived,1926,1640,0.8676,0.8559,17.2979,9.9015,7.3964,37.38,10863.0,14.0,0
2019-07-01,chronos2-ft-full-h32,P1,0.9,margin,1926,1640,0.8676,0.8559,22.6306,9.9015,12.7291,37.38,10863.0,14.0,0
2019-07-01,chronos2-ft-full-h32,P2,0.9,derived,1926,1640,0.8702,0.8633,17.0925,10.038,7.0545,38.11,10303.9,13.9,0
2019-07-01,chronos2-ft-full-h32,P2,0.9,margin,1926,1640,0.8702,0.8633,22.2991,10.038,12.2611,38.11,10303.9,13.9,0
2019-07-01,chronos2-ft-full-h32,P3,0.9,derived,1926,1640,0.8769,0.8649,17.047,10.0866,6.9604,38.31,10181.0,14.0,0
2019-07-01,chronos2-ft-full-h32,P3,0.9,margin,1926,1640,0.8769,0.8649,22.1821,10.0866,12.0955,38.31,10181.0,14.0,0
2019-07-01,chronos2-ft-full-h32,P1,0.95,derived,1926,1640,0.8879,0.8713,24.0602,10.5457,13.5146,39.71,9699.0,16.0,0
2019-07-01,chronos2-ft-full-h32,P1,0.95,margin,1926,1640,0.8879,0.8713,21.7212,10.5457,11.1756,39.71,9699.0,16.0,0
2019-07-01,chronos2-ft-full-h32,P2,0.95,derived,1926,1640,0.8837,0.8761,23.6849,10.5186,13.1664,40.02,9338.3,15.3,0
2019-07-01,chronos2-ft-full-h32,P2,0.95,margin,1926,1640,0.8837,0.8761,21.5095,10.5186,10.9909,40.02,9338.3,15.3,0
2019-07-01,chronos2-ft-full-h32,P3,0.95,derived,1926,1640,0.8925,0.8795,23.4052,10.7431,12.6621,40.7,9081.0,16.0,0
2019-07-01,chronos2-ft-full-h32,P3,0.95,margin,1926,1640,0.8925,0.8795,21.3272,10.7431,10.5841,40.7,9081.0,16.0,0
2019-07-01,chronos2-ft-full-h32,P1,0.98,derived,1926,1640,0.9024,0.8871,40.6387,11.221,29.4177,42.34,8511.0,18.0,0
2019-07-01,chronos2-ft-full-h32,P1,0.98,margin,1926,1640,0.9024,0.8871,20.8232,11.221,9.6022,42.34,8511.0,18.0,0
2019-07-01,chronos2-ft-full-h32,P2,0.98,derived,1926,1640,0.8956,0.8895,40.5846,11.0815,29.5031,42.24,8327.3,17.0,0
2019-07-01,chronos2-ft-full-h32,P2,0.98,margin,1926,1640,0.8956,0.8895,20.7809,11.0815,9.6994,42.24,8327.3,17.0,0
2019-07-01,chronos2-ft-full-h32,P3,0.98,derived,1926,1640,0.906,0.895,38.8511,11.4665,27.3846,43.46,7912.0,18.0,0
2019-07-01,chronos2-ft-full-h32,P3,0.98,margin,1926,1640,0.906,0.895,20.5215,11.4665,9.055,43.46,7912.0,18.0,0
2019-07-01,chronos2-ft-full-short,P1,0.85,derived,1926,1640,0.8557,0.8424,14.7444,9.6641,5.0803,36.16,11879.0,13.0,0
2019-07-01,chronos2-ft-full-short,P1,0.85,margin,1926,1640,0.8557,0.8424,23.3064,9.6641,13.6422,36.16,11879.0,13.0,0
2019-07-01,chronos2-ft-full-short,P2,0.85,derived,1926,1640,0.8557,0.8516,14.6171,9.8203,4.7968,36.98,11185.7,13.2,0
2019-07-01,chronos2-ft-full-short,P2,0.85,margin,1926,1640,0.8557,0.8516,22.8221,9.8203,13.0018,36.98,11185.7,13.2,0
2019-07-01,chronos2-ft-full-short,P3,0.85,derived,1926,1640,0.8629,0.8523,14.6204,9.8473,4.773,37.08,11136.0,13.0,0
2019-07-01,chronos2-ft-full-short,P3,0.85,margin,1926,1640,0.8629,0.8523,22.7573,9.8473,12.91,37.08,11136.0,13.0,0
2019-07-01,chronos2-ft-full-short,P1,0.9,derived,1926,1640,0.8697,0.8543,17.3742,10.0159,7.3583,37.55,10983.0,14.0,0
2019-07-01,chronos2-ft-full-short,P1,0.9,margin,1926,1640,0.8697,0.8543,22.5425,10.0159,12.5267,37.55,10983.0,14.0,0
2019-07-01,chronos2-ft-full-short,P2,0.9,derived,1926,1640,0.8723,0.8616,17.1758,10.1488,7.027,38.27,10433.7,14.1,0
2019-07-01,chronos2-ft-full-short,P2,0.9,margin,1926,1640,0.8723,0.8616,22.2328,10.1488,12.084,38.27,10433.7,14.1,0
2019-07-01,chronos2-ft-full-short,P3,0.9,derived,1926,1640,0.879,0.8634,17.1327,10.2195,6.9133,38.53,10297.0,14.0,0
2019-07-01,chronos2-ft-full-short,P3,0.9,margin,1926,1640,0.879,0.8634,22.1167,10.2195,11.8973,38.53,10297.0,14.0,0
2019-07-01,chronos2-ft-full-short,P1,0.95,derived,1926,1640,0.8899,0.8698,24.192,10.689,13.503,39.94,9816.0,16.0,0
2019-07-01,chronos2-ft-full-short,P1,0.95,margin,1926,1640,0.8899,0.8698,21.7178,10.689,11.0289,39.94,9816.0,16.0,0
2019-07-01,chronos2-ft-full-short,P2,0.95,derived,1926,1640,0.8858,0.8745,23.7978,10.6509,13.1468,40.22,9456.4,15.8,0
2019-07-01,chronos2-ft-full-short,P2,0.95,margin,1926,1640,0.8858,0.8745,21.5006,10.6509,10.8496,40.22,9456.4,15.8,0
2019-07-01,chronos2-ft-full-short,P3,0.95,derived,1926,1640,0.8941,0.8782,23.5082,10.9165,12.5916,41.0,9181.0,16.0,0
2019-07-01,chronos2-ft-full-short,P3,0.95,margin,1926,1640,0.8941,0.8782,21.3345,10.9165,10.4179,41.0,9181.0,16.0,0
2019-07-01,chronos2-ft-full-short,P1,0.98,derived,1926,1640,0.9008,0.8857,41.0512,11.4243,29.6268,42.66,8619.0,18.0,0
2019-07-01,chronos2-ft-full-short,P1,0.98,margin,1926,1640,0.9008,0.8857,20.9552,11.4243,9.5308,42.66,8619.0,18.0,0
2019-07-01,chronos2-ft-full-short,P2,0.98,derived,1926,1640,0.8977,0.888,40.7192,11.2454,29.4737,42.49,8439.3,17.4,0
2019-07-01,chronos2-ft-full-short,P2,0.98,margin,1926,1640,0.8977,0.888,20.8139,11.2454,9.5685,42.49,8439.3,17.4,0
2019-07-01,chronos2-ft-full-short,P3,0.98,derived,1926,1640,0.906,0.8938,39.3172,11.676,27.6413,43.83,8005.0,19.0,0
2019-07-01,chronos2-ft-full-short,P3,0.98,margin,1926,1640,0.906,0.8938,20.6422,11.676,8.9662,43.83,8005.0,19.0,0
2019-07-01,emp-daily,P1,0.85,derived,1926,1640,0.8525,0.8341,15.5989,10.3437,5.2552,37.44,12506.0,13.0,0
2019-07-01,emp-daily,P1,0.85,margin,1926,1640,0.8525,0.8341,25.1124,10.3437,14.7688,37.44,12506.0,13.0,0
2019-07-01,emp-daily,P2,0.85,derived,1926,1640,0.8515,0.8435,15.4648,10.5037,4.961,38.25,11797.5,13.3,0
2019-07-01,emp-daily,P2,0.85,margin,1926,1640,0.8515,0.8435,24.5941,10.5037,14.0903,38.25,11797.5,13.3,0
2019-07-01,emp-daily,P3,0.85,derived,1926,1640,0.8583,0.8435,15.4801,10.5167,4.9634,38.29,11793.0,13.0,0
2019-07-01,emp-daily,P3,0.85,margin,1926,1640,0.8583,0.8435,24.6032,10.5167,14.0865,38.29,11793.0,13.0,0
2019-07-01,emp-daily,P1,0.9,derived,1926,1640,0.8629,0.8465,18.3113,10.7204,7.5909,38.91,11574.0,14.0,0
2019-07-01,emp-daily,P1,0.9,margin,1926,1640,0.8629,0.8465,24.2906,10.7204,13.5702,38.91,11574.0,14.0,0
2019-07-01,emp-daily,P2,0.9,derived,1926,1640,0.865,0.854,18.158,10.9065,7.2515,39.67,11004.8,14.7,0
2019-07-01,emp-daily,P2,0.9,margin,1926,1640,0.865,0.854,23.9888,10.9065,13.0823,39.67,11004.8,14.7,0
2019-07-01,emp-daily,P3,0.9,derived,1926,1640,0.8681,0.8552,18.0786,10.9021,7.1765,39.79,10917.0,14.0,0
2019-07-01,emp-daily,P3,0.9,margin,1926,1640,0.8681,0.8552,23.8495,10.9021,12.9473,39.79,10917.0,14.0,0
2019-07-01,emp-daily,P1,0.95,derived,1926,1640,0.8832,0.8629,25.48,11.6507,13.8293,41.75,10333.0,17.0,0
2019-07-01,emp-daily,P1,0.95,margin,1926,1640,0.8832,0.8629,23.5602,11.6507,11.9096,41.75,10333.0,17.0,0
2019-07-01,emp-daily,P2,0.95,derived,1926,1640,0.8806,0.8675,25.0341,11.527,13.507,41.85,9985.3,16.6,0
2019-07-01,emp-daily,P2,0.95,margin,1926,1640,0.8806,0.8675,23.2662,11.527,11.7391,41.85,9985.3,16.6,0
2019-07-01,emp-daily,P3,0.95,derived,1926,1640,0.8863,0.8706,24.8577,11.8432,13.0145,42.71,9755.0,17.0,0
2019-07-01,emp-daily,P3,0.95,margin,1926,1640,0.8863,0.8706,23.1923,11.8432,11.349,42.71,9755.0,17.0,0
2019-07-01,emp-daily,P1,0.98,derived,1926,1640,0.8977,0.879,42.5964,12.432,30.1644,44.66,9118.0,18.0,0
2019-07-01,emp-daily,P1,0.98,margin,1926,1640,0.8977,0.879,22.7287,12.432,10.2968,44.66,9118.0,18.0,0
2019-07-01,emp-daily,P2,0.98,derived,1926,1640,0.891,0.8814,42.391,12.2435,30.1475,44.39,8938.9,18.1,0
2019-07-01,emp-daily,P2,0.98,margin,1926,1640,0.891,0.8814,22.6483,12.2435,10.4048,44.39,8938.9,18.1,0
2019-07-01,emp-daily,P3,0.98,derived,1926,1640,0.9034,0.8865,40.9195,12.6887,28.2308,45.76,8558.0,19.0,0
2019-07-01,emp-daily,P3,0.98,margin,1926,1640,0.9034,0.8865,22.4625,12.6887,9.7738,45.76,8558.0,19.0,0
2019-07-01,gbdt-lean,P1,0.85,derived,1926,1640,0.852,0.7556,17.6911,10.4763,7.2148,36.93,18424.7,23.0,0
2019-07-01,gbdt-lean,P1,0.85,margin,1926,1640,0.852,0.7556,29.417,10.4763,18.9407,36.93,18424.7,23.0,0
2019-07-01,gbdt-lean,P2,0.85,derived,1926,1640,0.8541,0.7631,17.643,10.6802,6.9629,37.78,17859.2,23.6,0
2019-07-01,gbdt-lean,P2,0.85,margin,1926,1640,0.8541,0.7631,29.0681,10.6802,18.3879,37.78,17859.2,23.6,0
2019-07-01,gbdt-lean,P3,0.85,derived,1926,1640,0.8593,0.7642,17.6411,10.7259,6.9152,37.95,17777.7,24.0,0
2019-07-01,gbdt-lean,P3,0.85,margin,1926,1640,0.8593,0.7642,29.0192,10.7259,18.2934,37.95,17777.7,24.0,0
2019-07-01,gbdt-lean,P1,0.9,derived,1926,1640,0.8671,0.7674,21.755,10.9599,10.7951,38.62,17534.7,27.0,0
2019-07-01,gbdt-lean,P1,0.9,margin,1926,1640,0.8671,0.7674,28.9121,10.9599,17.9521,38.62,17534.7,27.0,0
2019-07-01,gbdt-lean,P2,0.9,derived,1926,1640,0.866,0.773,21.6105,11.0714,10.5391,39.2,17113.8,26.3,0
2019-07-01,gbdt-lean,P2,0.9,margin,1926,1640,0.866,0.773,28.6712,11.0714,17.5998,39.2,17113.8,26.3,0
2019-07-01,gbdt-lean,P3,0.9,derived,1926,1640,0.8697,0.7756,21.6046,11.1968,10.4078,39.65,16913.7,28.0,0
2019-07-01,gbdt-lean,P3,0.9,margin,1926,1640,0.8697,0.7756,28.5831,11.1968,17.3863,39.65,16913.7,28.0,0
2019-07-01,gbdt-lean,P1,0.95,derived,1926,1640,0.8759,0.7839,32.6792,11.685,20.9943,41.2,16285.7,30.0,0
2019-07-01,gbdt-lean,P1,0.95,margin,1926,1640,0.8759,0.7839,28.3344,11.685,16.6495,41.2,16285.7,30.0,0
2019-07-01,gbdt-lean,P2,0.95,derived,1926,1640,0.8733,0.7871,32.4005,11.6692,20.7313,41.37,16047.8,29.7,0
2019-07-01,gbdt-lean,P2,0.95,margin,1926,1640,0.8733,0.7871,28.1809,11.6692,16.5116,41.37,16047.8,29.7,0
2019-07-01,gbdt-lean,P3,0.95,derived,1926,1640,0.8832,0.7922,32.1424,11.9802,20.1622,42.4,15666.7,31.0,0
2019-07-01,gbdt-lean,P3,0.95,margin,1926,1640,0.8832,0.7922,28.0693,11.9802,16.0891,42.4,15666.7,31.0,0
2019-07-01,gbdt-lean,P1,0.98,derived,1926,1640,0.8904,0.8011,61.7651,12.5733,49.1918,44.37,14991.7,33.0,0
2019-07-01,gbdt-lean,P1,0.98,margin,1926,1640,0.8904,0.8011,27.8523,12.5733,15.279,44.37,14991.7,33.0,0
2019-07-01,gbdt-lean,P2,0.98,derived,1926,1640,0.8868,0.8015,61.8954,12.3617,49.5336,43.9,14965.9,32.6,0
2019-07-01,gbdt-lean,P2,0.98,margin,1926,1640,0.8868,0.8015,27.79,12.3617,15.4283,43.9,14965.9,32.6,0
2019-07-01,gbdt-lean,P3,0.98,derived,1926,1640,0.8941,0.8089,59.983,12.937,47.046,45.76,14402.7,34.0,0
2019-07-01,gbdt-lean,P3,0.98,margin,1926,1640,0.8941,0.8089,27.6797,12.937,14.7427,45.76,14402.7,34.0,0
2019-07-01,always-zero,P1,0.85,derived,1926,1640,0.7092,0.4429,25.8123,6.4913,19.321,20.69,41991.0,0.0,0
2019-07-01,always-zero,P1,0.85,margin,1926,1640,0.7092,0.4429,52.9817,6.4913,46.4904,20.69,41991.0,0.0,0
2019-07-01,always-zero,P2,0.85,derived,1926,1640,0.7092,0.4429,25.8123,6.4913,19.321,20.69,41991.0,0.0,0
2019-07-01,always-zero,P2,0.85,margin,1926,1640,0.7092,0.4429,52.9817,6.4913,46.4904,20.69,41991.0,0.0,0
2019-07-01,always-zero,P3,0.85,derived,1926,1640,0.7092,0.4429,25.8123,6.4913,19.321,20.69,41991.0,0.0,0
2019-07-01,always-zero,P3,0.85,margin,1926,1640,0.7092,0.4429,52.9817,6.4913,46.4904,20.69,41991.0,0.0,0
2019-07-01,always-zero,P1,0.9,derived,1926,1640,0.7092,0.4429,37.1776,6.4913,30.6863,20.69,41991.0,0.0,0
2019-07-01,always-zero,P1,0.9,margin,1926,1640,0.7092,0.4429,52.9817,6.4913,46.4904,20.69,41991.0,0.0,0
2019-07-01,always-zero,P2,0.9,derived,1926,1640,0.7092,0.4429,37.1776,6.4913,30.6863,20.69,41991.0,0.0,0
2019-07-01,always-zero,P2,0.9,margin,1926,1640,0.7092,0.4429,52.9817,6.4913,46.4904,20.69,41991.0,0.0,0
2019-07-01,always-zero,P3,0.9,derived,1926,1640,0.7092,0.4429,37.1776,6.4913,30.6863,20.69,41991.0,0.0,0
2019-07-01,always-zero,P3,0.9,margin,1926,1640,0.7092,0.4429,52.9817,6.4913,46.4904,20.69,41991.0,0.0,0
2019-07-01,always-zero,P1,0.95,derived,1926,1640,0.7092,0.4429,71.2735,6.4913,64.7823,20.69,41991.0,0.0,0
2019-07-01,always-zero,P1,0.95,margin,1926,1640,0.7092,0.4429,52.9817,6.4913,46.4904,20.69,41991.0,0.0,0
2019-07-01,always-zero,P2,0.95,derived,1926,1640,0.7092,0.4429,71.2735,6.4913,64.7823,20.69,41991.0,0.0,0
2019-07-01,always-zero,P2,0.95,margin,1926,1640,0.7092,0.4429,52.9817,6.4913,46.4904,20.69,41991.0,0.0,0
2019-07-01,always-zero,P3,0.95,derived,1926,1640,0.7092,0.4429,71.2735,6.4913,64.7823,20.69,41991.0,0.0,0
2019-07-01,always-zero,P3,0.95,margin,1926,1640,0.7092,0.4429,52.9817,6.4913,46.4904,20.69,41991.0,0.0,0
2019-07-01,always-zero,P1,0.98,derived,1926,1640,0.7092,0.4429,173.5613,6.4913,167.0701,20.69,41991.0,0.0,0
2019-07-01,always-zero,P1,0.98,margin,1926,1640,0.7092,0.4429,52.9817,6.4913,46.4904,20.69,41991.0,0.0,0
2019-07-01,always-zero,P2,0.98,derived,1926,1640,0.7092,0.4429,173.5613,6.4913,167.0701,20.69,41991.0,0.0,0
2019-07-01,always-zero,P2,0.98,margin,1926,1640,0.7092,0.4429,52.9817,6.4913,46.4904,20.69,41991.0,0.0,0
2019-07-01,always-zero,P3,0.98,derived,1926,1640,0.7092,0.4429,173.5613,6.4913,167.0701,20.69,41991.0,0.0,0
2019-07-01,always-zero,P3,0.98,margin,1926,1640,0.7092,0.4429,52.9817,6.4913,46.4904,20.69,41991.0,0.0,0
2019-08-01,chronos2-zs,P1,0.85,derived,1976,1729,0.8704,0.7997,28.0225,9.9384,18.0841,38.92,18390.0,15.0,0
2019-08-01,chronos2-zs,P1,0.85,margin,1976,1729,0.8704,0.7997,63.4374,9.9384,53.499,38.92,18390.0,15.0,0
2019-08-01,chronos2-zs,P2,0.85,derived,1976,1729,0.872,0.8083,27.8769,10.1399,17.737,39.98,17602.1,15.2,0
2019-08-01,chronos2-zs,P2,0.85,margin,1976,1729,0.872,0.8083,62.7046,10.1399,52.5648,39.98,17602.1,15.2,0
2019-08-01,chronos2-zs,P3,0.85,derived,1976,1729,0.8785,0.809,27.8696,10.1656,17.704,40.09,17532.0,15.0,0
2019-08-01,chronos2-zs,P3,0.85,margin,1976,1729,0.8785,0.809,62.6527,10.1656,52.487,40.09,17532.0,15.0,0
2019-08-01,chronos2-zs,P1,0.9,derived,1976,1729,0.8851,0.8104,38.2914,10.4094,27.882,40.72,17406.0,16.0,0
2019-08-01,chronos2-zs,P1,0.9,margin,1976,1729,0.8851,0.8104,62.3506,10.4094,51.9412,40.72,17406.0,16.0,0
2019-08-01,chronos2-zs,P2,0.9,derived,1976,1729,0.8882,0.8177,38.0107,10.5644,27.4462,41.61,16737.5,16.3,0
2019-08-01,chronos2-zs,P2,0.9,margin,1976,1729,0.8882,0.8177,61.8095,10.5644,51.2451,41.61,16737.5,16.3,0
2019-08-01,chronos2-zs,P3,0.9,derived,1976,1729,0.8927,0.8195,37.9587,10.6608,27.298,41.96,16573.0,17.0,0
2019-08-01,chronos2-zs,P3,0.9,margin,1976,1729,0.8927,0.8195,61.6206,10.6608,50.9598,41.96,16573.0,17.0,0
2019-08-01,chronos2-zs,P1,0.95,derived,1976,1729,0.9018,0.8255,67.5943,11.2731,56.3212,43.75,16016.0,18.0,0
2019-08-01,chronos2-zs,P1,0.95,margin,1976,1729,0.9018,0.8255,60.9474,11.2731,49.6743,43.75,16016.0,18.0,0
2019-08-01,chronos2-zs,P2,0.95,derived,1976,1729,0.9013,0.8307,67.0934,11.2198,55.8736,44.09,15543.9,18.1,0
2019-08-01,chronos2-zs,P2,0.95,margin,1976,1729,0.9013,0.8307,60.6134,11.2198,49.3936,44.09,15543.9,18.1,0
2019-08-01,chronos2-zs,P3,0.95,derived,1976,1729,0.9074,0.8343,66.7017,11.547,55.1547,45.1,15215.0,19.0,0
2019-08-01,chronos2-zs,P3,0.95,margin,1976,1729,0.9074,0.8343,60.2447,11.547,48.6977,45.1,15215.0,19.0,0
2019-08-01,chronos2-zs,P1,0.98,derived,1976,1729,0.9221,0.8409,151.1353,12.2576,138.8777,47.3,14605.0,21.0,0
2019-08-01,chronos2-zs,P1,0.98,margin,1976,1729,0.9221,0.8409,59.6415,12.2576,47.3838,47.3,14605.0,21.0,0
2019-08-01,chronos2-zs,P2,0.98,derived,1976,1729,0.9165,0.844,150.6217,11.9886,138.6331,46.98,14316.9,20.0,0
2019-08-01,chronos2-zs,P2,0.98,margin,1976,1729,0.9165,0.844,59.4255,11.9886,47.4369,46.98,14316.9,20.0,0
2019-08-01,chronos2-zs,P3,0.98,derived,1976,1729,0.9281,0.8485,148.7505,12.5564,136.194,48.75,13903.0,21.0,0
2019-08-01,chronos2-zs,P3,0.98,margin,1976,1729,0.9281,0.8485,59.0977,12.5564,46.5413,48.75,13903.0,21.0,0
2019-08-01,chronos2-ft-full,P1,0.85,derived,1976,1729,0.8629,0.7974,27.4488,9.2485,18.2003,36.87,18601.0,13.0,0
2019-08-01,chronos2-ft-full,P1,0.85,margin,1976,1729,0.8629,0.7974,63.3857,9.2485,54.1372,36.87,18601.0,13.0,0
2019-08-01,chronos2-ft-full,P2,0.85,derived,1976,1729,0.8644,0.8062,27.2812,9.4302,17.851,37.87,17787.0,13.2,0
2019-08-01,chronos2-ft-full,P2,0.85,margin,1976,1729,0.8644,0.8062,62.6235,9.4302,53.1933,37.87,17787.0,13.2,0
2019-08-01,chronos2-ft-full,P3,0.85,derived,1976,1729,0.8689,0.8071,27.2689,9.4655,17.8034,38.0,17705.0,13.0,0
2019-08-01,chronos2-ft-full,P3,0.85,margin,1976,1729,0.8689,0.8071,62.54,9.4655,53.0745,38.0,17705.0,13.0,0
2019-08-01,chronos2-ft-full,P1,0.9,derived,1976,1729,0.877,0.8083,37.7079,9.6359,28.0721,38.45,17599.0,14.0,0
2019-08-01,chronos2-ft-full,P1,0.9,margin,1976,1729,0.877,0.8083,62.1848,9.6359,52.549,38.45,17599.0,14.0,0
2019-08-01,chronos2-ft-full,P2,0.9,derived,1976,1729,0.8775,0.8159,37.3994,9.7759,27.6236,39.31,16900.9,14.2,0
2019-08-01,chronos2-ft-full,P2,0.9,margin,1976,1729,0.8775,0.8159,61.6011,9.7759,51.8253,39.31,16900.9,14.2,0
2019-08-01,chronos2-ft-full,P3,0.9,derived,1976,1729,0.8851,0.8178,37.307,9.8617,27.4453,39.64,16725.0,14.5,0
2019-08-01,chronos2-ft-full,P3,0.9,margin,1976,1729,0.8851,0.8178,61.3477,9.8617,51.486,39.64,16725.0,14.5,0
2019-08-01,chronos2-ft-full,P1,0.95,derived,1976,1729,0.8973,0.8234,67.0653,10.3041,56.7612,41.05,16213.0,16.0,0
2019-08-01,chronos2-ft-full,P1,0.95,margin,1976,1729,0.8973,0.8234,60.6565,10.3041,50.3523,41.05,16213.0,16.0,0
2019-08-01,chronos2-ft-full,P2,0.95,derived,1976,1729,0.8947,0.8288,66.5555,10.3119,56.2436,41.5,15712.2,15.8,0
2019-08-01,chronos2-ft-full,P2,0.95,margin,1976,1729,0.8947,0.8288,60.3024,10.3119,49.9905,41.5,15712.2,15.8,0
2019-08-01,chronos2-ft-full,P3,0.95,derived,1976,1729,0.9028,0.832,66.1588,10.5584,55.6004,42.33,15426.0,16.0,0
2019-08-01,chronos2-ft-full,P3,0.95,margin,1976,1729,0.9028,0.832,59.9342,10.5584,49.3757,42.33,15426.0,16.0,0
2019-08-01,chronos2-ft-full,P1,0.98,derived,1976,1729,0.9145,0.8386,150.9184,11.0946,139.8238,44.11,14814.0,18.0,0
2019-08-01,chronos2-ft-full,P1,0.98,margin,1976,1729,0.9145,0.8386,59.1062,11.0946,48.0116,44.11,14814.0,18.0,0
2019-08-01,chronos2-ft-full,P2,0.98,derived,1976,1729,0.9079,0.8417,150.6057,10.9373,139.6684,44.03,14533.4,17.5,0
2019-08-01,chronos2-ft-full,P2,0.98,margin,1976,1729,0.9079,0.8417,59.0166,10.9373,48.0793,44.03,14533.4,17.5,0
2019-08-01,chronos2-ft-full,P3,0.98,derived,1976,1729,0.9236,0.8462,148.4399,11.3897,137.0502,45.52,14118.0,19.0,0
2019-08-01,chronos2-ft-full,P3,0.98,margin,1976,1729,0.9236,0.8462,58.4509,11.3897,47.0612,45.52,14118.0,19.0,0
2019-08-01,chronos2-ft-full-h32,P1,0.85,derived,1976,1729,0.8537,0.7864,27.6456,8.8205,18.8251,35.21,19609.0,12.0,0
2019-08-01,chronos2-ft-full-h32,P1,0.85,margin,1976,1729,0.8537,0.7864,65.0325,8.8205,56.212,35.21,19609.0,12.0,0
2019-08-01,chronos2-ft-full-h32,P2,0.85,derived,1976,1729,0.8578,0.7957,27.4267,8.9856,18.4411,36.15,18757.2,12.4,0
2019-08-01,chronos2-ft-full-h32,P2,0.85,margin,1976,1729,0.8578,0.7957,64.1757,8.9856,55.1901,36.15,18757.2,12.4,0
2019-08-01,chronos2-ft-full-h32,P3,0.85,derived,1976,1729,0.8593,0.7963,27.412,9.0066,18.4053,36.22,18701.0,12.0,0
2019-08-01,chronos2-ft-full-h32,P3,0.85,margin,1976,1729,0.8593,0.7963,64.0955,9.0066,55.0888,36.22,18701.0,12.0,0
2019-08-01,chronos2-ft-full-h32,P1,0.9,derived,1976,1729,0.8644,0.7979,38.1742,9.1578,29.0163,36.66,18552.0,13.0,0
2019-08-01,chronos2-ft-full-h32,P1,0.9,margin,1976,1729,0.8644,0.7979,63.725,9.1578,54.5671,36.66,18552.0,13.0,0
2019-08-01,chronos2-ft-full-h32,P2,0.9,derived,1976,1729,0.8689,0.8057,37.8357,9.2996,28.5361,37.48,17840.2,13.4,0
2019-08-01,chronos2-ft-full-h32,P2,0.9,margin,1976,1729,0.8689,0.8057,63.0849,9.2996,53.7854,37.48,17840.2,13.4,0
2019-08-01,chronos2-ft-full-h32,P3,0.9,derived,1976,1729,0.873,0.8072,37.7705,9.3624,28.4081,37.73,17700.0,14.0,0
2019-08-01,chronos2-ft-full-h32,P3,0.9,margin,1976,1729,0.873,0.8072,62.8896,9.3624,53.5272,37.73,17700.0,14.0,0
2019-08-01,chronos2-ft-full-h32,P1,0.95,derived,1976,1729,0.8887,0.8135,68.4046,9.7897,58.6148,39.1,17119.0,15.0,0
2019-08-01,chronos2-ft-full-h32,P1,0.95,margin,1976,1729,0.8887,0.8135,61.9911,9.7897,52.2014,39.1,17119.0,15.0,0
2019-08-01,chronos2-ft-full-h32,P2,0.95,derived,1976,1729,0.8851,0.8191,67.8651,9.7845,58.0805,39.52,16606.7,15.0,0
2019-08-01,chronos2-ft-full-h32,P2,0.95,margin,1976,1729,0.8851,0.8191,61.6385,9.7845,51.8539,39.52,16606.7,15.0,0
2019-08-01,chronos2-ft-full-h32,P3,0.95,derived,1976,1729,0.8957,0.8222,67.4131,9.9987,57.4144,40.23,16322.0,16.0,0
2019-08-01,chronos2-ft-full-h32,P3,0.95,margin,1976,1729,0.8957,0.8222,61.2003,9.9987,51.2016,40.23,16322.0,16.0,0
2019-08-01,chronos2-ft-full-h32,P1,0.98,derived,1976,1729,0.9064,0.8292,155.0584,10.4692,144.5893,41.89,15679.0,17.0,0
2019-08-01,chronos2-ft-full-h32,P1,0.98,margin,1976,1729,0.9064,0.8292,60.333,10.4692,49.8638,41.89,15679.0,17.0,0
2019-08-01,chronos2-ft-full-h32,P2,0.98,derived,1976,1729,0.9003,0.8323,154.6854,10.347,144.3385,41.87,15393.5,16.6,0
2019-08-01,chronos2-ft-full-h32,P2,0.98,margin,1976,1729,0.9003,0.8323,60.251,10.347,49.904,41.87,15393.5,16.6,0
2019-08-01,chronos2-ft-full-h32,P3,0.98,derived,1976,1729,0.914,0.8368,152.5618,10.7251,141.8367,43.16,14982.0,18.0,0
2019-08-01,chronos2-ft-full-h32,P3,0.98,margin,1976,1729,0.914,0.8368,59.6942,10.7251,48.9691,43.16,14982.0,18.0,0
2019-08-01,chronos2-ft-full-short,P1,0.85,derived,1976,1729,0.8548,0.7882,27.5621,8.9641,18.598,35.54,19447.0,13.0,0
2019-08-01,chronos2-ft-full-short,P1,0.85,margin,1976,1729,0.8548,0.7882,64.2736,8.9641,55.3095,35.54,19447.0,13.0,0
2019-08-01,chronos2-ft-full-short,P2,0.85,derived,1976,1729,0.8563,0.7971,27.3714,9.1293,18.2422,36.49,18627.6,12.9,0
2019-08-01,chronos2-ft-full-short,P2,0.85,margin,1976,1729,0.8563,0.7971,63.4752,9.1293,54.346,36.49,18627.6,12.9,0
2019-08-01,chronos2-ft-full-short,P3,0.85,derived,1976,1729,0.8608,0.798,27.3592,9.1595,18.1997,36.61,18544.0,13.0,0
2019-08-01,chronos2-ft-full-short,P3,0.85,margin,1976,1729,0.8608,0.798,63.3704,9.1595,54.2108,36.61,18544.0,13.0,0
2019-08-01,chronos2-ft-full-short,P1,0.9,derived,1976,1729,0.8664,0.7992,38.0077,9.318,28.6898,37.03,18432.0,14.0,0
2019-08-01,chronos2-ft-full-short,P1,0.9,margin,1976,1729,0.8664,0.7992,63.0046,9.318,53.6866,37.03,18432.0,14.0,0
2019-08-01,chronos2-ft-full-short,P2,0.9,derived,1976,1729,0.8659,0.8071,37.6611,9.4606,28.2005,37.86,17710.5,13.8,0
2019-08-01,chronos2-ft-full-short,P2,0.9,margin,1976,1729,0.8659,0.8071,62.3692,9.4606,52.9086,37.86,17710.5,13.8,0
2019-08-01,chronos2-ft-full-short,P3,0.9,derived,1976,1729,0.872,0.809,37.6029,9.5382,28.0647,38.17,17537.0,14.0,0
2019-08-01,chronos2-ft-full-short,P3,0.9,margin,1976,1729,0.872,0.809,62.1567,9.5382,52.6185,38.17,17537.0,14.0,0
2019-08-01,chronos2-ft-full-short,P1,0.95,derived,1976,1729,0.8877,0.8153,67.7036,9.9769,57.7267,39.55,16951.0,15.0,0
2019-08-01,chronos2-ft-full-short,P1,0.95,margin,1976,1729,0.8877,0.8153,61.2181,9.9769,51.2412,39.55,16951.0,15.0,0
2019-08-01,chronos2-ft-full-short,P2,0.95,derived,1976,1729,0.8836,0.8208,67.2567,9.9677,57.289,39.95,16448.1,15.3,0
2019-08-01,chronos2-ft-full-short,P2,0.95,margin,1976,1729,0.8836,0.8208,60.9192,9.9677,50.9515,39.95,16448.1,15.3,0
2019-08-01,chronos2-ft-full-short,P3,0.95,derived,1976,1729,0.8957,0.8245,66.6922,10.2094,56.4828,40.75,16110.0,16.0,0
2019-08-01,chronos2-ft-full-short,P3,0.95,margin,1976,1729,0.8957,0.8245,60.4367,10.2094,50.2272,40.75,16110.0,16.0,0
2019-08-01,chronos2-ft-full-short,P1,0.98,derived,1976,1729,0.9059,0.8313,153.1249,10.7173,142.4076,42.46,15482.0,17.0,0
2019-08-01,chronos2-ft-full-short,P1,0.98,margin,1976,1729,0.9059,0.8313,59.6926,10.7173,48.9753,42.46,15482.0,17.0,0
2019-08-01,chronos2-ft-full-short,P2,0.98,derived,1976,1729,0.9023,0.8345,152.6297,10.5641,142.0656,42.37,15190.1,16.9,0
2019-08-01,chronos2-ft-full-short,P2,0.98,margin,1976,1729,0.9023,0.8345,59.5492,10.5641,48.985,42.37,15190.1,16.9,0
2019-08-01,chronos2-ft-full-short,P3,0.98,derived,1976,1729,0.9124,0.8396,150.4918,10.9946,139.4972,43.78,14724.0,18.0,0
2019-08-01,chronos2-ft-full-short,P3,0.98,margin,1976,1729,0.9124,0.8396,58.9908,10.9946,47.9962,43.78,14724.0,18.0,0
2019-08-01,emp-daily,P1,0.85,derived,1976,1729,0.8264,0.7281,29.4691,8.911,20.5581,33.43,24963.0,13.0,0
2019-08-01,emp-daily,P1,0.85,margin,1976,1729,0.8264,0.7281,68.1211,8.911,59.2101,33.43,24963.0,13.0,0
2019-08-01,emp-daily,P2,0.85,derived,1976,1729,0.8269,0.7377,29.2376,9.0587,20.1789,34.21,24079.5,12.9,0
2019-08-01,emp-daily,P2,0.85,margin,1976,1729,0.8269,0.7377,67.3297,9.0587,58.271,34.21,24079.5,12.9,0
2019-08-01,emp-daily,P3,0.85,derived,1976,1729,0.833,0.7379,29.2315,9.0765,20.155,34.25,24057.0,13.0,0
2019-08-01,emp-daily,P3,0.85,margin,1976,1729,0.833,0.7379,67.2763,9.0765,58.1998,34.25,24057.0,13.0,0
2019-08-01,emp-daily,P1,0.9,derived,1976,1729,0.837,0.7406,40.8926,9.2323,31.6603,34.75,23812.0,14.0,0
2019-08-01,emp-daily,P1,0.9,margin,1976,1729,0.837,0.7406,66.7089,9.2323,57.4766,34.75,23812.0,14.0,0
2019-08-01,emp-daily,P2,0.9,derived,1976,1729,0.837,0.7491,40.4998,9.3848,31.115,35.47,23030.4,13.9,0
2019-08-01,emp-daily,P2,0.9,margin,1976,1729,0.837,0.7491,65.9833,9.3848,56.5986,35.47,23030.4,13.9,0
2019-08-01,emp-daily,P3,0.9,derived,1976,1729,0.8411,0.7501,40.452,9.3877,31.0643,35.59,22937.0,14.0,0
2019-08-01,emp-daily,P3,0.9,margin,1976,1729,0.8411,0.7501,65.8945,9.3877,56.5068,35.59,22937.0,14.0,0
2019-08-01,emp-daily,P1,0.95,derived,1976,1729,0.8649,0.7594,73.3654,9.9373,63.4281,37.18,22082.0,15.0,0
2019-08-01,emp-daily,P1,0.95,margin,1976,1729,0.8649,0.7594,64.3528,9.9373,54.4155,37.18,22082.0,15.0,0
2019-08-01,emp-daily,P2,0.95,derived,1976,1729,0.8623,0.7651,72.9397,9.8911,63.0486,37.43,21560.4,15.2,0
2019-08-01,emp-daily,P2,0.95,margin,1976,1729,0.8623,0.7651,64.2033,9.8911,54.3122,37.43,21560.4,15.2,0
2019-08-01,emp-daily,P3,0.95,derived,1976,1729,0.8704,0.7684,72.3803,10.106,62.2743,38.1,21260.0,15.0,0
2019-08-01,emp-daily,P3,0.95,margin,1976,1729,0.8704,0.7684,63.6088,10.106,53.5028,38.1,21260.0,15.0,0
2019-08-01,emp-daily,P1,0.98,derived,1976,1729,0.8831,0.7776,167.0833,10.6025,156.4808,39.82,20419.0,17.0,0
2019-08-01,emp-daily,P1,0.98,margin,1976,1729,0.8831,0.7776,62.6532,10.6025,52.0507,39.82,20419.0,17.0,0
2019-08-01,emp-daily,P2,0.98,derived,1976,1729,0.878,0.7811,166.6195,10.488,156.1314,39.73,20098.9,16.6,0
2019-08-01,emp-daily,P2,0.98,margin,1976,1729,0.878,0.7811,62.6187,10.488,52.1307,39.73,20098.9,16.6,0
2019-08-01,emp-daily,P3,0.98,derived,1976,1729,0.8882,0.786,164.4863,10.8393,153.647,40.87,19642.0,17.0,0
2019-08-01,emp-daily,P3,0.98,margin,1976,1729,0.8882,0.786,62.0376,10.8393,51.1983,40.87,19642.0,17.0,0
2019-08-01,gbdt-lean,P1,0.85,derived,1976,1729,0.8451,0.6804,33.0196,9.8915,23.1281,33.71,29343.0,20.0,0
2019-08-01,gbdt-lean,P1,0.85,margin,1976,1729,0.8451,0.6804,77.455,9.8915,67.5635,33.71,29343.0,20.0,0
2019-08-01,gbdt-lean,P2,0.85,derived,1976,1729,0.8472,0.6889,32.9592,10.1588,22.8005,34.56,28557.3,20.8,0
2019-08-01,gbdt-lean,P2,0.85,margin,1976,1729,0.8472,0.6889,76.8827,10.1588,66.724,34.56,28557.3,20.8,0
2019-08-01,gbdt-lean,P3,0.85,derived,1976,1729,0.8507,0.6895,32.8952,10.1331,22.7621,34.67,28504.0,21.0,0
2019-08-01,gbdt-lean,P3,0.85,margin,1976,1729,0.8507,0.6895,76.764,10.1331,66.631,34.67,28504.0,21.0,0
2019-08-01,gbdt-lean,P1,0.9,derived,1976,1729,0.8553,0.692,46.4079,10.4796,35.9283,35.35,28272.0,22.0,0
2019-08-01,gbdt-lean,P1,0.9,margin,1976,1729,0.8553,0.692,76.7306,10.4796,66.2511,35.35,28272.0,22.0,0
2019-08-01,gbdt-lean,P2,0.9,derived,1976,1729,0.8568,0.6991,46.0846,10.5693,35.5153,35.95,27618.1,22.1,0
2019-08-01,gbdt-lean,P2,0.9,margin,1976,1729,0.8568,0.6991,76.1629,10.5693,65.5936,35.95,27618.1,22.1,0
2019-08-01,gbdt-lean,P3,0.9,derived,1976,1729,0.8588,0.701,46.0898,10.7352,35.3547,36.33,27452.0,23.0,0
2019-08-01,gbdt-lean,P3,0.9,margin,1976,1729,0.8588,0.701,76.0502,10.7352,65.3151,36.33,27452.0,23.0,0
2019-08-01,gbdt-lean,P1,0.95,derived,1976,1729,0.8689,0.7084,84.5912,11.2566,73.3346,37.86,26769.0,24.0,0
2019-08-01,gbdt-lean,P1,0.95,margin,1976,1729,0.8689,0.7084,75.5592,11.2566,64.3026,37.86,26769.0,24.0,0
2019-08-01,gbdt-lean,P2,0.95,derived,1976,1729,0.8654,0.7134,84.0981,11.2034,72.8947,38.07,26310.7,24.2,0
2019-08-01,gbdt-lean,P2,0.95,margin,1976,1729,0.8654,0.7134,75.1667,11.2034,63.9632,38.07,26310.7,24.2,0
2019-08-01,gbdt-lean,P3,0.95,derived,1976,1729,0.873,0.7167,83.7889,11.5291,72.2598,38.89,26004.0,25.0,0
2019-08-01,gbdt-lean,P3,0.95,margin,1976,1729,0.873,0.7167,74.9787,11.5291,63.4496,38.89,26004.0,25.0,0
2019-08-01,gbdt-lean,P1,0.98,derived,1976,1729,0.8801,0.7259,194.5918,12.1898,182.402,40.95,25160.0,27.0,0
2019-08-01,gbdt-lean,P1,0.98,margin,1976,1729,0.8801,0.7259,74.3691,12.1898,62.1792,40.95,25160.0,27.0,0
2019-08-01,gbdt-lean,P2,0.98,derived,1976,1729,0.8745,0.7285,194.2971,11.9531,182.344,40.56,24925.2,26.5,0
2019-08-01,gbdt-lean,P2,0.98,margin,1976,1729,0.8745,0.7285,74.1419,11.9531,62.1888,40.56,24925.2,26.5,0
2019-08-01,gbdt-lean,P3,0.98,derived,1976,1729,0.8836,0.7343,192.1787,12.5041,179.6746,42.14,24391.0,28.0,0
2019-08-01,gbdt-lean,P3,0.98,margin,1976,1729,0.8836,0.7343,73.8299,12.5041,61.3258,42.14,24391.0,28.0,0
2019-08-01,always-zero,P1,0.85,derived,1976,1729,0.6943,0.4038,40.9418,5.7584,35.1835,18.81,54727.0,0.0,0
2019-08-01,always-zero,P1,0.85,margin,1976,1729,0.6943,0.4038,103.2288,5.7584,97.4705,18.81,54727.0,0.0,0
2019-08-01,always-zero,P2,0.85,derived,1976,1729,0.6943,0.4038,40.9418,5.7584,35.1835,18.81,54727.0,0.0,0
2019-08-01,always-zero,P2,0.85,margin,1976,1729,0.6943,0.4038,103.2288,5.7584,97.4705,18.81,54727.0,0.0,0
2019-08-01,always-zero,P3,0.85,derived,1976,1729,0.6943,0.4038,40.9418,5.7584,35.1835,18.81,54727.0,0.0,0
2019-08-01,always-zero,P3,0.85,margin,1976,1729,0.6943,0.4038,103.2288,5.7584,97.4705,18.81,54727.0,0.0,0
2019-08-01,always-zero,P1,0.9,derived,1976,1729,0.6943,0.4038,61.638,5.7584,55.8796,18.81,54727.0,0.0,0
2019-08-01,always-zero,P1,0.9,margin,1976,1729,0.6943,0.4038,103.2288,5.7584,97.4705,18.81,54727.0,0.0,0
2019-08-01,always-zero,P2,0.9,derived,1976,1729,0.6943,0.4038,61.638,5.7584,55.8796,18.81,54727.0,0.0,0
2019-08-01,always-zero,P2,0.9,margin,1976,1729,0.6943,0.4038,103.2288,5.7584,97.4705,18.81,54727.0,0.0,0
2019-08-01,always-zero,P3,0.9,derived,1976,1729,0.6943,0.4038,61.638,5.7584,55.8796,18.81,54727.0,0.0,0
2019-08-01,always-zero,P3,0.9,margin,1976,1729,0.6943,0.4038,103.2288,5.7584,97.4705,18.81,54727.0,0.0,0
2019-08-01,always-zero,P1,0.95,derived,1976,1729,0.6943,0.4038,123.7264,5.7584,117.9681,18.81,54727.0,0.0,0
2019-08-01,always-zero,P1,0.95,margin,1976,1729,0.6943,0.4038,103.2288,5.7584,97.4705,18.81,54727.0,0.0,0
2019-08-01,always-zero,P2,0.95,derived,1976,1729,0.6943,0.4038,123.7264,5.7584,117.9681,18.81,54727.0,0.0,0
2019-08-01,always-zero,P2,0.95,margin,1976,1729,0.6943,0.4038,103.2288,5.7584,97.4705,18.81,54727.0,0.0,0
2019-08-01,always-zero,P3,0.95,derived,1976,1729,0.6943,0.4038,123.7264,5.7584,117.9681,18.81,54727.0,0.0,0
2019-08-01,always-zero,P3,0.95,margin,1976,1729,0.6943,0.4038,103.2288,5.7584,97.4705,18.81,54727.0,0.0,0
2019-08-01,always-zero,P1,0.98,derived,1976,1729,0.6943,0.4038,309.9918,5.7584,304.2334,18.81,54727.0,0.0,0
2019-08-01,always-zero,P1,0.98,margin,1976,1729,0.6943,0.4038,103.2288,5.7584,97.4705,18.81,54727.0,0.0,0
2019-08-01,always-zero,P2,0.98,derived,1976,1729,0.6943,0.4038,309.9918,5.7584,304.2334,18.81,54727.0,0.0,0
2019-08-01,always-zero,P2,0.98,margin,1976,1729,0.6943,0.4038,103.2288,5.7584,97.4705,18.81,54727.0,0.0,0
2019-08-01,always-zero,P3,0.98,derived,1976,1729,0.6943,0.4038,309.9918,5.7584,304.2334,18.81,54727.0,0.0,0
2019-08-01,always-zero,P3,0.98,margin,1976,1729,0.6943,0.4038,103.2288,5.7584,97.4705,18.81,54727.0,0.0,0
