series_id,finite_unit_cost,eligible
01ntrj3qj9j,True,True
02fouwduzgn,True,True
02mrj37btaj,True,True
02pk9tq4a7l,True,True
039mzypf7lf,True,True
04gwopyn6ng,True,True
04vc71z1knc,True,True
060iz1blga9,False,False
06m0unfyki1,True,True
06yoc7bt928,False,False
06zjudzbk1m,False,False
0798slmbnf9,False,False
07p7qcx41nf,True,True
07pcigvb0g5,True,True
08ux4d1znud,True,True
09tbi8ws4kv,True,True
0amazxhzuxn,False,False
0b9zwxddi88,True,True
0bdpo7dmmsb,True,True
0bq7mfzn9lk,False,False
0c60xrjm0te,True,True
0d4vjmpt6z3,False,False
0eaxxwmhuql,False,False
0enkgy0xzpy,True,True
0g59nta5c4b,True,True
0glsii58kqc,False,False
0idal3ttka1,True,True
0j7yiv8zurj,True,True
0jbcen7ikmq,False,False
0jdtxgpze7j,True,True
0kzj1kkhn41,False,False
0m9x8cpstjf,True,True
0nc2otlja04,True,True
0nfbjmv4wcf,True,True
0osqqj1wazo,True,True
0r5rp29qa6d,True,True
0rfavjq4hrn,True,True
0srfeji2ly0,True,True
0t90pnbese9,False,False
0u7xk68h5ou,False,False
0ug6xcxo0y5,True,True
0uwwx7ut7g3,False,False
0v5gffwkaf5,True,True
0vfedsdz82m,True,True
0wgs83rhkqk,False,False
0wulrdrn3jz,False,False
0znvkfqu4gb,False,False
0zo41cr2vub,False,False
0zzwcumq4qj,True,True
10b7m8mhs11,False,False
10oi2f4f1br,False,False
10xfjy4d39q,True,True
11zwco4ou3n,False,False
13vtfcnre28,False,False
145ynp7dty4,False,False
14suo0mpm7g,True,True
15sra9bxazd,True,True
16pglkxmv44,True,True
170nmxeyo7u,True,True
18iebc6js9a,True,True
18wt5lcja0u,True,True
19ad6vgw8rb,True,True
19c6thiw8oy,False,False
1cqu4739nyz,True,True
1d1r9qeqptp,False,False
1dgfb3ormrv,False,False
1dn8bogwen2,True,True
1edyi2s93vv,True,True
1epwutoik36,True,True
1h88db0vz5m,False,False
1hzbzwb869b,True,True
1i576jf9h31,True,True
1in1p2rxvwg,True,True
1ipn12timoa,False,False
1iqdxjnhc9r,False,False
1ixdnyfh8yq,True,True
1ktd9jpuw1d,True,True
1laxvyyloif,False,False
1lg71vrhjpj,False,False
1lmp6gvxyqy,True,True
1m1mft53hk7,True,True
1mwy8n9ivf2,False,False
1n9xh1fny9w,False,False
1oykaeypl2a,False,False
1p8n6eftxni,False,False
1pztxak9xyv,False,False
1q7rekcza9b,False,False
1ryxau47r5w,False,False
1t7pyqara3n,True,True
1u9r7egtexa,False,False
1uuae2zqy2b,True,True
1uulpoadh2n,True,True
1ve6uxxky5x,True,True
1vg9h23gwsg,False,False
1wdgnkkz5yw,False,False
1wsuv6pcgn3,False,False
1y41tivcgd8,True,True
1ypqvxb97jc,False,False
1yxiyjkxtdt,True,True
1z5vhdsnbfh,True,True
1z8pvo3mwcp,True,True
20b4l2pe9i2,True,True
20gq5x8lbtb,False,False
20m462qom05,True,True
23ie888k9ej,True,True
25czj70u5tv,True,True
27ehlrfdh1k,False,False
28g1xuzalw2,False,False
292kxhv7vpc,False,False
2a1qkdnx82w,False,False
2aal15ii53c,False,False
2akkt9hjz6h,False,False
2b4ihdyts1t,True,True
2btl1931ku8,False,False
2dxpntjlne0,False,False
2dy3bnzuk83,False,False
2eeza4ibzl7,True,True
2fhh6s9iyrl,True,True
2j05vgnko4z,True,True
2k9efx7e9j9,False,False
2kpz7m3e817,True,True
2ldpgf1qqo0,True,True
2ofpw4mlpik,True,True
2pe0wltwkej,True,True
2phci22bxd2,True,True
2shgz5q8uks,True,True
2sukrpnwqux,False,False
2t1e4os4ay3,False,False
2tj29jjqk4l,True,True
2uavtrp0njq,True,True
2uvgwox1u1s,True,True
2vvgy127c7u,True,True
2wdqew71ht9,True,True
2wn3snp0fin,True,True
2wxo72zjfx6,True,True
2x7c2zvf4x5,True,True
2xn9677mql6,False,False
2xu1nwrwrl3,False,False
2xu30w2tks3,False,False
2yv74oscax7,False,False
2zxrmobzwmo,True,True
30h1fq8usp8,False,False
3280sc5oytp,True,True
330isotvbaa,False,False
336q9837skz,False,False
33d8t8rkkg4,True,True
34rh2ygd8xm,True,True
354hgryd0kt,False,False
35jtvam7htr,True,True
35rc1us3p9c,True,True
362t6uhq78r,True,True
3637hh0mfgb,True,True
36h83ags0gf,True,True
36i5a863xvn,True,True
36ig9yqeqaf,True,True
385kxuguhj4,False,False
38f20la1w9p,True,True
38q89az3t1k,True,True
39g3bv36bvc,True,True
39ta8pk4v0t,True,True
3axyc2nronr,True,True
3aymp8k11ge,False,False
3bx5agruial,False,False
3c51e6d57xb,False,False
3c7ay0acey7,True,True
3c7r5qc7uti,True,True
3ch3zt0fpds,True,True
3clcd0p0cmx,True,True
3cz8hpdh2zf,False,False
3dfjlqeox2m,True,True
3eex5g91uri,True,True
3fpa3d61e38,True,True
3g67s0yu6wj,False,False
3h2pt34ym7t,False,False
3h3cmkofn32,True,True
3hnbpu6yrce,True,True
3j36f4o1k8r,True,True
3jqboox3uh0,True,True
3jzkr9fxan0,True,True
3k0hcxf64rf,True,True
3k9jcbmfy93,True,True
3ko02g9wbm7,False,False
3kzmfb0a8oc,False,False
3l99onde4vw,False,False
3lyudh8o9lv,False,False
3m4me04pvvs,False,False
3pcy0823poj,False,False
3pf3ztzns2i,True,True
3pmbc7caor4,False,False
3pohohidj11,False,False
3q5c6qppx3y,True,True
3q5rx5lbjyn,False,False
3qy3ho76fhc,True,True
3sc73yowp41,True,True
3svvg21r52i,True,True
3vhn7guiug8,False,False
3vl6ghijwii,True,True
3w3lrhl21ac,True,True
3x6c7gqh4to,True,True
3xkt2uujz42,True,True
3xvhrp46eig,False,False
3y15uekq00k,True,True
3ydijz22wpc,False,False
3yvsud9vypm,True,True
3yz1av3nzx0,False,False
3zp9bq57mbz,True,True
40ecdr01s04,False,False
40mjml3zswj,True,True
41b94k2cwse,True,True
41c7iyk4hp2,True,True
41nxcahowxc,False,False
41pyamyys8y,True,True
422sbyi8j7a,False,False
42erq4fqgwf,True,True
435adksgsbf,False,False
44nns3lmdhe,True,True
44nowb1ckma,True,True
44z25hs1urg,False,False
45draei5eza,True,True
45vhgse15re,True,True
46mtvu7qpgo,True,True
46zhk56fujr,False,False
47rjqb2o5o3,True,True
47tgwft4185,True,True
48gneu659vb,True,True
49mchw1vgfx,False,False
4a3k5ef3qjo,True,True
4ak9lkdxmk1,False,False
4ch43kx632n,False,False
4cpeu3iymlb,True,True
4dvrwqfnk9f,False,False
4eq3jyedfp3,True,True
4fd926hflz7,False,False
4gq2arhz303,True,True
4hxx2man99n,False,False
4i4anos1lah,False,False
4iby8p8yury,True,True
4j5m1aa0giv,True,True
4jzff4qzop6,True,True
4k24exmsaqw,True,True
4kyrs11gl81,True,True
4lzczor5nvp,True,True
4mizlwnwq59,False,False
4mtdveadcoo,True,True
4n03do4276y,True,True
4p4z7kzk976,True,True
4pny2lhe06a,False,False
4qk5d0lffto,True,True
4rkbkvd1j5u,True,True
4s2ytbirowk,False,False
4sx7hfyhqcc,False,False
4t4jopztems,True,True
4tde6qme6ux,True,True
4to8vr6jjlx,True,True
4tpq5h6hwrz,False,False
4twlh4zhcrr,False,False
4umy3zbidez,True,True
4vbv935fa8y,True,True
4vwyougz9js,False,False
4w02r40gan5,True,True
4whplge2k0l,True,True
4x18uxebqus,True,True
4x5uxbnh85m,True,True
4x8eb1c771y,True,True
4xd0gvo52v3,True,True
4xklodgapg4,True,True
4y8huncsdf0,True,True
4yctep30qzk,True,True
4yf4t695r8m,False,False
4z200d7ty4d,True,True
4zqz9sl6h9q,True,True
4zu91u7lts5,True,True
50hj3g4qnne,False,False
50u46hit3fn,False,False
50xxh3glehc,False,False
519xma040ip,True,True
52aqo3vxko1,True,True
5363nninkgi,True,True
53egujxtr8f,False,False
53iekvo10mu,False,False
5407ynm9dei,True,True
556uvvzc4ai,False,False
56ykpdg2xqf,False,False
57v8w6dsjfu,True,True
5836c4zfbpw,True,True
59lnmmlx2or,True,True
59tlwbslxn3,True,True
5ah0tzbfobl,True,True
5bdwemf71pm,True,True
5bgagp09u9w,False,False
5ble6t2hgsb,False,False
5bsqj6k6lp7,False,False
5c3insvqt49,False,False
5c9a7n981rz,False,False
5d8y3ka1vks,True,True
5dgf8js55q2,True,True
5dt5yv04vby,True,True
5eaqvajq6tn,True,True
5eok2ml1boe,True,True
5hixknoxxph,False,False
5hvtdb6pzbz,True,True
5jtwej67lde,False,False
5la89yg17uh,False,False
5lm50kodxst,False,False
5n9ejaywgot,True,True
5nb73rff689,True,True
5nlg7c3cj3b,False,False
5orm19cu00n,False,False
5pc0bmb6ky2,False,False
5puaj0zkeq8,True,True
5pumfwm2vv9,True,True
5qcdvh0q8ov,False,False
5qwmta9pr3x,True,True
5qzbvrejv1i,True,True
5rfvwdik1ww,False,False
5rjd38rhpf0,True,True
5sawqvw741i,True,True
5swatokw6fo,False,False
5sy1oh3jwvn,True,True
5t4fqx39jqc,True,True
5uhgf44c5fr,True,True
5v39tsy6gpt,True,True
5v6um7af6fq,False,False
5vnsuoco0hi,True,True
5vnz4fweexn,False,False
5voto15c742,True,True
5vyjyjnbw1a,False,False
5w2zafbmxlp,False,False
5wxwe2o481e,True,True
5xqcbc8yiyo,False,False
5yxzdxz43dc,True,True
5zprd957cfi,True,True
5zrzxwsl159,False,False
611saldv8ix,False,False
61794ivxwzq,False,False
61rzm254c6k,True,True
61w2edgrzyt,True,True
63so9mn73b5,True,True
647fnq6b46t,False,False
655bg0ejouo,True,True
65pk1z5lhn7,True,True
67isv46w6ar,True,True
67mqmro9dpp,False,False
68uyh2w3qy3,True,True
6a4vinwwgu1,True,True
6aosxke9mt3,True,True
6aynb5qleg1,True,True
6b0hynryagd,True,True
6brbpzs0dat,True,True
6chh58as1xt,True,True
6duvqlh0hrf,True,True
6e9xsmx31nc,True,True
6fr0pr06iui,True,True
6gfwd3z2t14,False,False
6h2swuv79hy,True,True
6id3dpjcz7o,True,True
6k115p896fj,False,False
6lfrv29hnxb,True,True
6m45dvanu9a,True,True
6mkn8rrwqmv,True,True
6mvqggi2ul5,True,True
6n1gvl6tkin,False,False
6oj74bkgsf9,False,False
6otzwybnydw,True,True
6ptqz7wgi5n,True,True
6q3mwfkokp0,False,False
6qnlqgi3jzw,True,True
6qxkrsmqfm3,False,False
6t4iqsw2afg,True,True
6ukltfqhb3a,True,True
6uyspgvpjq9,True,True
6xtwa6ris1x,True,True
6ydo6o89gni,True,True
6ygd5zbcjqi,True,True
6yk5se9do4q,True,True
71dkm5l2y8i,True,True
71zk2dsbqes,False,False
745dagplgjs,False,False
74q7u1dwbgx,True,True
74zcm1ypb0p,False,False
75oplv8qwnc,False,False
78gb37l8w8v,False,False
799r01z5emx,False,False
7dtazzo2b5i,True,True
7e1pzluhlpc,False,False
7gt4sqlikpo,True,True
7guwo60s5ht,False,False
7hml4c075vs,False,False
7j20hwiky6l,False,False
7jmjktu4j08,True,True
7n2e31szrhj,True,True
7r5e9y8bfbi,True,True
7r8xo3uuevh,False,False
7s90qplvp8s,True,True
7swkdyi5qo2,True,True
7szpypvjzbn,False,False
7tv7z9wz9ao,True,True
7ufid3neeid,True,True
7uofjdml3nl,False,False
7v1flbe7tfc,True,True
7v8jky6gifc,False,False
7voco1jlfg4,False,False
7wksgonkge1,True,True
7x21hh1ruux,False,False
7xg1wv1h5pn,True,True
7xt44afgr2c,False,False
7y2bzsizkus,True,True
80ezajohi1g,False,False
80jxep0xdd1,False,False
80us98680xn,True,True
817cq5kbb9i,True,True
81gf6zm0fkl,True,True
81vmv3a56tj,False,False
8296wkw5vgh,True,True
82s7h4jrwmv,False,False
82t3j1invr3,False,False
82uotqj46uy,True,True
82uvg9r65mf,False,False
82xquc3i22s,False,False
83k4sni318s,True,True
83mlkkkh0ha,False,False
848xgzxv4dt,True,True
85810mwwb1n,True,True
85nygebc9bv,True,True
85urck9d961,True,True
869xm5rvoji,True,True
86z70bstdpc,True,True
88lry9aq8lg,False,False
88ynnovyq0h,True,True
890y4kwt2tl,False,False
89mmyl04w2d,False,False
89p391r3drd,False,False
89xh5of6e8o,False,False
89yfj0x5g9i,True,True
8aa4ef2gix6,True,True
8bnnr9edu4o,True,True
8c4tp34ak8f,True,True
8cg9ns9zop3,True,True
8cw8xqeqmjm,False,False
8db5hshel42,True,True
8djprj5lar0,True,True
8gkxiqbl234,True,True
8hdl2a5lg6l,False,False
8i926134a1z,True,True
8igttww457d,False,False
8jc6vt5aq4d,False,False
8k0dgc2b7hc,True,True
8kovihvkh0h,True,True
8kq5j5b804s,True,True
8l918uctw2a,True,True
8lgb2018qrd,False,False
8lggh4y71q0,False,False
8lq51rc8t2a,True,True
8oa3gw9os8l,True,True
8ompcl69nj5,True,True
8pdgjg9t7wo,False,False
8pdw5pdgpu3,True,True
8pqh49eg0h9,True,True
8rdp320xxym,True,True
8u4jh2cq8qi,True,True
8urgxfx2e4h,False,False
8w957vuy6u3,True,True
8wofveconfm,True,True
8xk5ewaxp5m,True,True
8zdbw3y2mvt,False,False
8zrwyqme4nf,False,False
900w1mqyd2a,False,False
921ixx6tgns,True,True
93b1rmykkz2,True,True
9648npy35lq,True,True
981n2n36uct,False,False
982u0jl5ucb,True,True
983tmh0ocqe,False,False
99dnxlabhp4,True,True
9ahal9xceo0,False,False
9alkvjco9eh,True,True
9aoi7m938uv,False,False
9bw5es2cyq3,True,True
9c2126px38q,True,True
9e2ij49i39y,False,False
9etek1zxviw,True,True
9eyrzpxgd18,True,True
9flv7bvuu5l,False,False
9fzozst5zaw,True,True
9g9x2ondr08,True,True
9gcdarw1coe,True,True
9h560nek4qx,True,True
9hjdic4ksur,False,False
9j1r3br04tf,False,False
9jj7bhztgqe,True,True
9koqhazwsqh,True,True
9m32iatj338,True,True
9m3kkslq5m1,False,False
9mp1zwj8qb8,True,True
9oayyetjggj,True,True
9ps4eey2zym,True,True
9qtmz5prcla,True,True
9r9z92fkd55,True,True
9rm2m90cqvt,False,False
9rrsvlcs0fv,False,False
9s0m2rtu56x,True,True
9sagjexti3c,False,False
9sr05cnjih5,False,False
9t4w3b100fk,True,True
9tos9lguxis,False,False
9tuykqrbufh,True,True
9u5l5bhm5gi,True,True
9u968s77sd9,False,False
9v5mvcstm6n,True,True
9v6sds53vjb,False,False
9vz7t2jb80n,False,False
9wtmyoznwcu,False,False
9xp8sjwl5q9,True,True
9zhii1lwnfz,False,False
9zhmyl7qc2w,True,True
a0a2613kn7j,True,True
a0pv7xf7xrj,False,False
a2aprflcy62,True,True
a2t5ivou2dc,True,True
a3f4i5xcnyn,True,True
a6gxcflv94j,True,True
a71ba6dvugx,False,False
a7meglogdk8,True,True
a7p1orrgi36,True,True
a80jota6w7k,False,False
a87kqgt49j8,False,False
a88dsvnofn8,True,True
a8d0nxr5930,True,True
a9lf6367bji,True,True
aa02877zlkl,True,True
aah6tel947v,False,False
abv6xm5kqs1,True,True
abx2caf1la5,False,False
ad69581s7ru,False,False
adqn5rxrzty,True,True
ae0g1qdbevq,True,True
af1oeikrz66,False,False
af4pzqa16f2,True,True
afp8tzx7m5e,True,True
afu6fdj194k,True,True
agkftoewbsi,True,True
ai15hez3yy3,False,False
aiwulj3n74h,True,True
aj4gvef11xq,True,True
ak9a61ty9or,True,True
akgsdjlk0kp,True,True
am8hb366gd9,False,False
amabggypbld,True,True
ambrhcezxqj,True,True
anlfvaf1qyr,False,False
anuojgmbxb6,True,True
ao043t52um1,False,False
ap5xlsze0tl,True,True
ap65ja0a6m4,True,True
aq8tzme59p8,False,False
aqck303pn5e,True,True
aqdijj39yet,True,True
aqla1bqkftm,False,False
aqop14xy7s3,False,False
aro3erfjydw,False,False
arwc0yykykg,True,True
asz1fudnofn,False,False
at12tv26vta,False,False
at9acbn90qs,True,True
ava3gfoj79r,True,True
axufgx7e5cq,True,True
axysnpepnxi,True,True
aybvbxx2mr1,True,True
az0fdd8p02c,True,True
az98ay96byf,True,True
azbghssxpcs,True,True
azjxa3hgp6z,False,False
azxnnv0w7qu,True,True
b0j2bo900wr,False,False
b1r8wy5lqnw,False,False
b1vstfa2ay5,False,False
b42ja3lf85r,True,True
b4x7lwcpw98,True,True
b7gilb8lttt,False,False
b7xhx1xlcsv,False,False
b89aanzfont,True,True
b97ag9e5s3b,False,False
b97eeb6z56c,True,True
b9dfvytymwa,True,True
b9ne6xijsze,True,True
bah7ismk4mv,False,False
bao0t5vo2cs,True,True
bb9t7dc4y85,False,False
bcmtxn0x8lw,False,False
bcwyuixcqr3,False,False
bdfttkech9o,False,False
bdsfng6n9qo,False,False
bgyu47jhue4,True,True
bhfanhxs5s7,True,True
bhou6wpgltx,True,True
bji3tues20y,False,False
bjnd5y6ott1,True,True
bjx73a4mpdm,False,False
bktkcjet7cm,True,True
bl3ecvf63ke,True,True
bla68518xpi,True,True
blkvdn891oe,False,False
bm66tirgnk8,True,True
bmw1h9dzqqi,True,True
bqhmfbf1twh,False,False
bqsvfmfwi21,True,True
bqzkbxfjr09,True,True
btatu9hppwg,True,True
btisb4xz5vr,False,False
bts68f5t90p,True,True
btuksx82f9r,True,True
bysk8l8o369,True,True
c13h9749oj0,True,True
c26zhppwwds,False,False
c3c2zo34lbl,False,False
c431xam0t74,False,False
c4blfv5v77z,False,False
c5qtaimpolb,False,False
c7hl2p10jpd,False,False
c7lwmgzm3p4,False,False
c7un7ekzves,False,False
c8xnt1ymysi,True,True
c9f3m0s61w0,False,False
c9t8qa72bff,False,False
cca9y92msi3,True,True
ccd6u6cl25m,False,False
ccpe3b9rfin,False,False
ccz73eeplpn,False,False
cd4zmjiii6r,True,True
cfqc0pwcrb6,True,True
cgvgj4clu01,True,True
chazc5wslle,True,True
ci7p1u42et2,True,True
ciclwawaf6m,False,False
ckh34cz2zle,True,True
ckpg3m95eie,True,True
ckredjkobv3,False,False
cmszlocrjpu,True,True
cndujikhcm1,True,True
cnioqmcafz1,False,False
cnk08d5rwgn,True,True
cod642mdvo8,True,True
covu1b3tzi8,False,False
cq9f328b6fe,True,True
cr0hmmyqa23,True,True
cralkqoitah,True,True
ctgjuyml35y,False,False
ctha9450vuo,True,True
cu0pop3fv9p,True,True
cutt9jrkfsu,True,True
cvk1cwcbyyd,False,False
cvq63pcntny,False,False
cx960ocou10,True,True
cy0i3hbjihz,True,True
cybiolyee8k,False,False
cyiaeuvs4i9,False,False
cyygzp5bjyi,False,False
czpo4r79eh7,False,False
d0z72i9ak4n,True,True
d1rmduu2x9d,True,True
d221sazi436,False,False
d28x1wo73m1,True,True
d3jhwvz3244,True,True
d426lh6i0hf,False,False
d4scrztmq5s,True,True
d4tr6ke724i,True,True
d69ccfoytst,True,True
d75fmdnma10,True,True
d7k2hzlr42b,False,False
d7t004i7zp3,True,True
d7z7hv3jtdx,True,True
d940rdumwze,True,True
dahte6zj1yl,True,True
db65t6q0eyu,False,False
dbfbg6lg7f9,False,False
dbotzlqwnp7,True,True
dbskuwpvawv,False,False
dbvxs06mf3d,True,True
dcmq7wk8trh,True,True
debhwmtuen6,False,False
dfgz7b4lft7,True,True
dfr7p1hxxmo,True,True
dg926unz51o,True,True
dgxzeiwnto3,True,True
djlsl6c8u6p,True,True
djngkisx1kj,False,False
dkg3zp3pvkh,True,True
dl8wt0ibzyp,True,True
dlr2psp1d79,True,True
dn2ui8vbksl,False,False
dnbikcdyzep,True,True
doewyteearz,True,True
dp1qbzen4gk,True,True
dqumrap9rhh,True,True
du0y90wirsh,True,True
dvaay3mp9ln,False,False
dvbsbejhwem,True,True
dweu7xaeco4,False,False
dwgcs4ua3x9,False,False
dwux6yulgvi,True,True
dx5132et7w5,True,True
dyva3ojthh8,False,False
e0ghojg20io,False,False
e14elgbjnl0,True,True
e16xwvezjqg,True,True
e1wgcrjhmvl,False,False
e24m6la3gpp,True,True
e26m1aor0b8,True,True
e2xl2j2hd84,True,True
e4okwlrkrb1,False,False
e5x2f4v70yc,True,True
e7gbp5g8xzo,False,False
e8mjd9qwqad,False,False
eag6536auen,False,False
ecb9a54unz8,False,False
edeslq6i0st,False,False
ediupxzb8z8,True,True
edn68r3k7q9,True,True
edy9gwensq1,True,True
ee6yv9tb1et,True,True
eentj50e6yj,False,False
eex08llutgy,True,True
ef51m0b6qcr,False,False
efddexciiul,False,False
efgor6nu5ql,False,False
ei1nn7rdq8w,True,True
eig79ki6vde,True,True
eip7plx49oz,True,True
ejakd4gjtna,False,False
eji8ly7ef7e,True,True
ejo2ff3sfhj,True,True
ekr8yercjbx,True,True
el4fwdbom4z,True,True
eltvac34vdv,False,False
emwqqg2xqhg,True,True
eosy64j501u,True,True
epma12igj5p,True,True
eq5v6pbcwpv,True,True
eqh54fhhbzt,False,False
er89wd8erb6,True,True
ernjpq2a1ps,True,True
es0sab3fv9i,True,True
es57u7s4vuy,True,True
esypowoizv5,False,False
eu1656xusft,False,False
eun611gksjz,False,False
ev8e9l7i89t,True,True
evfirb33vvr,True,True
ew0lykrdajg,True,True
ewf1pi10zc4,True,True
ews5jfqo5gi,False,False
exhcuuebpou,True,True
eyk1i9sof30,False,False
eynbrnbb1kj,True,True
ezl2n9zh4oi,False,False
ezr1brecfcx,True,True
f0yi7qw2eou,True,True
f25fk1lcxos,False,False
f2y6a7v8fh6,False,False
f34ri41qlrx,False,False
f3gjj12z9ed,True,True
f48e3xarx3h,True,True
f4f4dv3am27,True,True
f6bmnl185od,True,True
f7kv8blu6a6,True,True
f7ot60ya0ya,False,False
f7vkp9xukew,True,True
f8qzxzjgh0m,False,False
f8z3lw8ix5x,True,True
faxed0yivgi,False,False
fbk5ydky9zz,True,True
fbnprwwhmum,False,False
fd3qogoph70,True,True
fdmlsrf542m,False,False
fe8i6624c0r,False,False
fe8rb81x8u2,True,True
feunmp701vh,True,True
fgbm8ba7w13,True,True
fgzfhbwgept,False,False
fh2g1i58l3i,True,True
fhetzba3i42,True,True
fhfbti924ur,False,False
fj1lz9pgiz7,True,True
fj1yzz6w7jj,True,True
fjaicvo3m6o,True,True
fjb4si9ti44,True,True
fjkhabjo05v,True,True
fk801h4p9p3,True,True
flopgcdgq3b,False,False
flvqjqw0edr,True,True
fn3u7g7qfuh,False,False
fntorblhc5i,False,False
fnwn5irge69,True,True
foc39m1jxmx,True,True
foqww0v5oqc,False,False
foxvfl43n3s,False,False
fp5wjukx89b,True,True
fq8vcp3mcav,True,True
fqqbebd77ka,False,False
fs60korfoff,True,True
fs98wmkrryl,True,True
fswudsvv6az,False,False
fu2aygmjoov,False,False
fv476yt8ii4,True,True
fvtn3i13i22,True,True
fvwl359l2fs,True,True
fwkimuo1z82,True,True
fx67ve8sigk,False,False
fxfanegtj9h,False,False
g1jboun5xqi,True,True
g1qmlqg1voc,False,False
g21vsixu8rd,False,False
g2smft3eewu,True,True
g33nxt14m4r,True,True
g3lck0z0lmj,False,False
g4n3w5066zf,True,True
g4rrhel2hm2,True,True
g4ulv7cuvf8,True,True
g4ux0ohyyk2,False,False
g4yaj8xzlr9,False,False
g5i42hnht8x,False,False
g5lg9a4uhjt,True,True
g6610vybx2i,False,False
g6612qkva9d,False,False
g7drdytl3pp,False,False
g7yz3e43u6f,False,False
ga3ihghjdms,False,False
gagt7jyp20c,False,False
gc6jczdkqkm,True,True
gcs7rck28z1,True,True
gdcxxdc528u,True,True
gdhrs1wugqw,True,True
gdksjmicc29,False,False
gevsxri4qb1,False,False
gfg0nb0z3m1,False,False
gg8tanhwwa9,False,False
ghg76sm1dei,True,True
ghil83u4xm1,True,True
gic79hjb0e5,True,True
giqu6hyd9cj,False,False
gj3vex6dgrk,False,False
gjg3aembwj2,True,True
gle3rg69aao,False,False
glgqgwg9xg9,True,True
gn2djc1sc3a,True,True
gnbubftk4y1,True,True
gohb60ofm5g,True,True
gohyrasmyra,True,True
gow4amej3d2,False,False
gp0wsye9zrb,True,True
gp4zwuq5ky2,True,True
grtc6s1yi0b,True,True
grui4eqe2t3,True,True
gryk6rexav6,True,True
gryqpzwadsi,True,True
gsjb7pk4v3n,True,True
gtllzy2rig5,False,False
guzhicxxbs0,True,True
gvagic05m59,True,True
gvhabn93gs1,True,True
gwk5azkntws,False,False
gwktsdlmjkv,True,True
gx1ft7tbkbe,True,True
gx2e90uo0qu,True,True
gxaty85nxjv,False,False
gxjmx56k558,True,True
gxmcc0a3xft,True,True
gxo1q5488mp,True,True
gy4wtt0r6xs,True,True
gz05rmty7yr,False,False
gzooa64lf00,False,False
h05aziwtnku,True,True
h07cxxsx141,False,False
h1ow5u254rj,True,True
h1pxa8vhekc,False,False
h1zed5c90g4,False,False
h2yrka3vc5y,True,True
h3dw1xamicr,True,True
h3nznzmzy6g,True,True
h5pnjbka6z9,True,True
h5xvo7trsaq,True,True
h63yqa8rqqm,False,False
h7l4o4pl2hy,True,True
h7mn7vtnswh,False,False
h882kvg9311,True,True
h9a87gyyl79,True,True
h9xoibpng2j,False,False
ha38r8qi133,False,False
hamnjrcqtg1,False,False
hboisbzauu2,True,True
hc5ou3kw2ac,True,True
hchktpcwccf,True,True
hclcmwpw27a,False,False
hdoknxs337q,True,True
hdreiw5qrzv,True,True
hej3moflzzb,True,True
hejkt1h2tkh,False,False
het5s0nafqv,False,False
hf1stvjpyyh,False,False
hfuzhbm015y,False,False
hgl3njgb4qt,True,True
hgopbkse22f,False,False
hgx0t1z0rfb,True,True
hhodjphwph1,False,False
hibpg49sz73,True,True
hixpbq36zta,False,False
hj7cwxt3bbw,True,True
hknsn6zeprw,True,True
hlor54dpgbk,True,True
hm4dtnr1qst,True,True
hm6nvmvq1pd,True,True
ho158j4bttv,False,False
ho412tg4dcu,True,True
hq6x0msvel2,True,True
hqdj2gldorq,True,True
hqnzvt55pad,False,False
hqo8tf50ndi,True,True
hr595hosrv7,False,False
hr5en8fbf1w,False,False
hrdepx6xit6,False,False
hri1rbtf8po,False,False
hrsmacysh3y,True,True
htuab127ahl,True,True
hu9teoqtjbg,True,True
hw58ar9a1f9,False,False
hwlbe9d203n,False,False
hws42h1w34h,True,True
hx0xda995jy,True,True
hxdm9yd0nog,False,False
hy2fxwtm8mv,True,True
hytnu1kwsbz,True,True
hz23wwsj11j,True,True
hz6wcfzc1x3,True,True
hzw2qnbkmpb,True,True
i0kfvmovrkt,True,True
i163req6qx1,False,False
i1naxuayrhr,True,True
i3cmp8wp1am,True,True
i4ve3o1uqrg,True,True
i5ccfh0w89x,True,True
i72cbxw9f85,True,True
i7ebaqpruqs,False,False
i89bblr7wfl,True,True
icaig2apant,True,True
iceelhxda1l,False,False
id25eobi5ev,True,True
id82rujkgaz,True,True
idkw8u4bd28,False,False
idsazd7u6t4,True,True
ie6742hjfqc,True,True
ie8iu7ezsht,False,False
iejw2wacy70,True,True
ifcju31jdou,True,True
iflpnbk7xag,False,False
igx9kk97hnb,False,False
ihf84qiz0ym,False,False
ihhiwucnbih,True,True
ihiuzj9318s,True,True
ihizgk4pgzt,True,True
ihvr7wmldiu,True,True
ihzykk9x2eg,True,True
ij9pyu3664e,True,True
ijxka0tju1m,True,True
ikc2rik8yuj,True,True
ilh0v3cq7yu,False,False
imq95kvin2b,True,True
indn3gn8j2x,False,False
innyejvr58k,False,False
inuv9oraz3w,True,True
io9thv2jcb4,False,False
ip07chrb69a,False,False
ip46f2w7lya,False,False
ipkh5ilec7e,True,True
iqqf39gb7f7,True,True
is3k0n5svo3,True,True
ismrhtb54o4,True,True
isotzi7cez9,True,True
iw8yiunj1ys,True,True
iwd545ht1l8,True,True
iwif46q5bd5,True,True
iyf6ygojdrp,False,False
j00w40bzeu2,True,True
j1e3o0x7ev6,True,True
j2bw5jrg1in,True,True
j2watcvuun6,False,False
j47g1ubfunu,True,True
j4r7m13zrcq,True,True
j64h6zi1jk9,True,True
j6702x2ebkt,False,False
j75qozdwhon,True,True
j9kz0leml7f,True,True
ja7bxbxp056,True,True
jay98tudcgj,False,False
jb63d3zkzva,False,False
jbxrtkb3uda,True,True
jc03qezpap7,False,False
jcjb48rf3cb,True,True
jdv5v0fdl1i,True,True
je9wnjpjlum,False,False
jeqkcjo6o7p,False,False
jewgqhe7xjo,True,True
jf4qmxcr8uf,True,True
jfkcwjsmy3z,False,False
ji0ddg388kq,True,True
jk2mkzahnsa,True,True
jks5h9948p4,False,False
jlbdz79ofm2,True,True
jlim3wn7xrn,False,False
jlsufhxjbw5,True,True
jmmilql78m7,True,True
jmqkgfv2f24,False,False
jn8h8l1l0q3,False,False
jou4ycqp3fd,False,False
jp35nsvuo8v,True,True
jpufyxtlljr,True,True
jqf0tht6v7z,False,False
jqk1fgh73ns,False,False
jqldvm92alx,True,True
jqotiduuaxt,False,False
jqpusjb5omt,True,True
jrmombthcjc,False,False
js3xkv489g5,True,True
js6s44zmqzh,True,True
jt9i91dgg2y,True,True
ju025r5o7ek,True,True
juz35lhcx40,True,True
jv21m25w7wm,True,True
jv52k8mpa3g,False,False
jvcdlc81ock,True,True
jw9z5eogoju,False,False
jx3fay60f8a,True,True
jx6h9utb8x2,False,False
jzeofrdrbd5,True,True
k0203yil188,True,True
k1c0nil87gw,False,False
k26g3u44fsk,False,False
k42xe298v70,False,False
k4c2yssgzpo,True,True
k4ubnbz0pgz,False,False
k5vke7slcl2,False,False
k6gqgdg3ely,True,True
k6j24jyq8ss,True,True
k6ydegcktbi,False,False
k7t6flwh3yb,False,False
k8reqia4v7j,True,True
k9asy3gc69e,True,True
ka1pxb59ycv,True,True
kayfdxz6ovn,True,True
kb3mkt5fgid,True,True
kbf4b5a0xkk,False,False
kbfiv65comk,True,True
kblhpflwp54,False,False
kbqpnnxe1rk,True,True
kcwacvzk4xg,False,False
kdnygv7lkhx,True,True
kgn3nvddv27,False,False
khdbnk30q6s,True,True
kiih6e3zua6,True,True
kjx12gxxwvn,True,True
kky8l1rjvva,True,True
kl2qstba35y,True,True
kmdsuk4kt4j,True,True
kn9svozrb9y,False,False
knhzj1c7y1j,False,False
kovfesgpi8z,False,False
kpqpumuqqmk,True,True
kpy662b60xz,True,True
kqo651ud3v4,True,True
kr474c9rp1c,True,True
kr4lnuri2ge,False,False
krag1z1o3bw,True,True
kt23iq8umee,True,True
ktqccudxhit,False,False
ktvirkbvw4r,False,False
ku3bp9hby3u,True,True
kuluvv8ll25,False,False
kuq2hr010tw,True,True
kuxzpwwhhb2,True,True
kvi0e6g1zyv,False,False
kvplg7ji2k7,True,True
kvqilywiv8c,True,True
kw3vwd9gj9a,True,True
kwf5bxgo1on,True,True
ky72bqd9lct,True,True
kykc1g3xw8r,True,True
kyp6zv55umo,True,True
kzixvabpr9k,True,True
kzjg0cxt4ee,False,False
l05bk6nmdzz,True,True
l09hhltwzfq,False,False
l10rc5yrx7v,True,True
l2csifc1lzv,False,False
l3cwx3vnl8z,True,True
l3x2a2vsnrh,True,True
l5w8hi9cjkb,False,False
l60d1qn3wdl,True,True
l752fp2cjhx,True,True
l7tkq0e424p,False,False
l83vs3957fz,True,True
l880gquvl2g,True,True
lb12lnap4gf,True,True
lcoxyvvp67j,False,False
lef9j2013im,True,True
lglbxjgr8a0,False,False
lh2otld7y76,False,False
lhgydgzida8,False,False
lio0l784362,False,False
ljm722fqjw2,True,True
ljon9fubuz2,True,True
ljqz9dy7hou,True,True
lkx9r6qzoqh,True,True
lmjth7hw93i,True,True
lmkf6127ldq,False,False
lmoepu5rebq,True,True
ln75f6s19ik,False,False
lnhseuol4jx,False,False
lnywjz24l2v,True,True
lo31cd8fidc,True,True
lq9j9mt1hsy,True,True
lr8o9s9v1b6,True,True
lrxnyk3hs7a,False,False
lsn97uhhpkk,False,False
lsz6j7maftp,True,True
lt6dbjoa8ik,False,False
lttjpgyenxs,True,True
ltvexvsc2a3,True,True
ludcf5ivyhx,True,True
lv7gmha4ku6,True,True
lvd60kgva69,True,True
lwbalio8six,True,True
lwng1mi4g3u,True,True
lxyzrlg15uj,True,True
lzq1mskqwnf,False,False
lzwjoihxreu,True,True
m0hdrnx0m2p,False,False
m1557pjmxfr,False,False
m19nafd9h5z,False,False
m1v10ljv7b5,True,True
m2z3ljufrb0,False,False
m301wxhzx3n,True,True
m3g5uw9o9hq,True,True
m65aj3j06ss,False,False
m68ot740grk,False,False
m6fc75q2iun,True,True
m7787awld2l,True,True
m7npt7nuiel,True,True
m8k7iht95bm,False,False
m8wjtnbnjkq,True,True
m9vnyxw21i5,False,False
machsjjup71,False,False
mat9b4lvdy1,False,False
mbbbgz0hup9,True,True
mbh9xlfro55,True,True
mcqub0x8faz,True,True
mdwyny7ulz3,False,False
mef2eh85jdk,False,False
methibl1o7o,False,False
mf6lerb825l,False,False
mflopzwre5j,True,True
mg0rxdjla29,True,True
mgj604sw6ri,True,True
mgmuh7xpfu6,True,True
mgvij1p7wn5,False,False
mhykdya3wti,False,False
mir87gqxkal,False,False
mj0dt9zefjd,True,True
mlih7881llh,False,False
mmk6h854290,True,True
mmprt7ke058,True,True
mnozildzdqr,True,True
mnpzyjyyzmd,True,True
mq9w8389fv8,False,False
mrliyrkmjpo,True,True
mtno3p0bun7,True,True
mwqdrn1i19v,True,True
mxc9yjictd8,True,True
mzo3jomb0mk,True,True
mzqd24hnb7r,True,True
n0ewao2z0va,True,True
n0oqm3lgwuh,True,True
n0xoyyvrx2b,True,True
n3w3r0gbie6,True,True
n42kd52zv55,False,False
n4iachduehr,True,True
n4o2yfie18b,True,True
n4yg5fubk7i,True,True
n54vd54uvn5,True,True
n5n0etwp6rk,False,False
n6bzv1ag23f,True,True
n6dba44xvtb,True,True
n6hjo23l37u,False,False
n6zt84gdj59,True,True
n76vwggrg60,False,False
n7xab1ydmek,False,False
n9mglnclcg2,False,False
nas68j2w11a,True,True
nb09trle6tn,True,True
nc26qytk491,True,True
ncfxillitsl,True,True
nctpirbyghw,True,True
nd43qn4hlak,True,True
ne823mbdnh9,True,True
nehqz3ngayz,False,False
nerxxxyubnr,True,True
nf5zs9cxp3h,False,False
nfd0bzmi7vx,True,True
ng2sc1vdl73,True,True
nghk0vqggg2,False,False
ngl05qt2q53,False,False
ni6kbz1ocug,False,False
njhnwdh3na5,True,True
njkrduqiqii,True,True
njnjw1b3zp8,True,True
nklriogawhs,True,True
nlj9otzrbq3,False,False
nlsiso1vdgi,False,False
nlxg1gbw481,True,True
nm3ebnrk6km,True,True
nm4eo5iaekj,False,False
nm660f4nzpv,True,True
nndflf3bsrw,True,True
nnyseqxlirm,False,False
nnzufyper7d,True,True
no4tqoqh4gj,True,True
no8wqed2sr9,True,True
no9neukmuye,True,True
nomsg6nclj6,False,False
nq2me3svf87,True,True
nqlerge2dbg,False,False
nqxoar8arrw,True,True
nr3jz3uldca,True,True
nrgvi96wb5p,True,True
nryo6vo0t0g,True,True
nt4gi3se760,False,False
ntp8lfp9kjv,False,False
nult4xo86g2,False,False
nuraejg9ce5,True,True
nv8ngxv9g1x,False,False
nvhlb3fzisd,False,False
nw31419v44a,False,False
nyavrgocvhn,False,False
o150r2wrpwn,True,True
o1ni218wkiy,True,True
o3ve6acn0xx,False,False
o524fogvojv,False,False
o57bgjalx1j,True,True
o5x22w26x43,False,False
o6xktsez0dm,False,False
o77lqcki0a9,True,True
o77pu640cir,False,False
o7asxz6e0fv,True,True
o7nmqzuvl78,True,True
o8xvetnn8cp,True,True
o95japtta0b,True,True
obq8a4g841c,True,True
ocp68dhzbfo,False,False
odurvbu5jsg,True,True
oggfpzs57ip,True,True
ohhwcr7eibt,True,True
ohtvats82i5,False,False
oi0yvwhpy37,True,True
oja7lsryb2l,True,True
okqlb70k3nd,True,True
ol5frwtcbio,True,True
omtfs7c7xtj,True,True
ondhd1lvs83,False,False
onna7quwpb6,False,False
oo86qgxgs7m,False,False
ooxvzf3esbh,True,True
oqlax65uebn,False,False
oqrl6eew4cp,False,False
orltcqtisqk,False,False
os1kehjm8qi,True,True
ot8y037fhvz,True,True
outz8ms8vdw,True,True
ov5jds1xfak,True,True
ovodf94e7wt,False,False
ovqxlm6q9me,True,True
oxpcfncpr9p,True,True
oxtz60tzksq,True,True
oy9s63wnr3v,True,True
oyis9f6lzre,True,True
oyvdj2msvnb,False,False
ozd9l7qid2z,True,True
ozgh1ow32nd,True,True
ozhvb70kp42,False,False
ozmg21l1s2f,False,False
ozu80hgo7mn,False,False
p0thd2vng07,True,True
p1gsqzl6lvj,True,True
p33yr35x3t6,True,True
p4sx5wjiv90,True,True
p4xfpntn3aw,True,True
p5rtc8t4wdy,True,True
p5u6pt2310q,True,True
p63ivgs50xx,False,False
p6wh68gayg2,True,True
p73sdroz103,False,False
p77hs8twbna,True,True
p8wms4y0o8j,True,True
pakkp9f3k97,False,False
pb0za1vrto9,False,False
pb9m0wee6e6,True,True
pc8ktsdugru,True,True
pc9a73jeb6j,True,True
pdhk5727fex,False,False
pdndf3bcs86,True,True
pfcpa3chvsr,True,True
pfcpcdm2m4s,True,True
pfpj8uizwiw,True,True
pgiyqxk8j7d,False,False
pik7y0j4kll,False,False
pimd3p7orbx,True,True
pjat8xoxafz,True,True
pjxz820hcxv,True,True
pkm7tneql4o,True,True
pl7ap49lv9q,False,False
plrbjog62pb,True,True
plsqisank6b,False,False
pmx3rqy88zf,True,True
po27f14pffa,True,True
pp8oxan4pzi,False,False
pptiu6s6dop,True,True
ppv5637qln0,False,False
prncvnpk5mf,False,False
prx35jido8k,True,True
psg53lt2kiw,False,False
psxvnbu6i43,True,True
pszh69dofcb,True,True
ptwbfomvd91,True,True
punwvsbh1ed,False,False
pvmach777p1,True,True
pway6196sbe,True,True
pwedvu96tnj,True,True
pxfau1k4udf,True,True
pxqb1hyo6p6,True,True
pz1hllpr7m0,False,False
q0kcul43mob,True,True
q1fdroz4t17,True,True
q2k1otyfuwy,True,True
q2up27z0xz7,True,True
q3jk4myhctr,False,False
q3oi1kdnfq2,True,True
q3yyjblgx0e,True,True
q4ryuxkumhl,False,False
q6e0yhjo8na,True,True
q6p4tb5e2sw,True,True
q73ay0d4lz9,False,False
q7w21kvuzcg,True,True
q8535gsccia,True,True
q8d02qcht5w,False,False
q9bx4ma53fo,True,True
qbf3b52q074,True,True
qclxtalzrih,True,True
qdz5lrrmlqw,True,True
qfuevqhvscb,True,True
qfyykfkh498,True,True
qij63gh3k4e,True,True
qirbrbyfx24,True,True
qj7600cur0f,False,False
qja475ou9i4,False,False
qjfcrdtmsrh,True,True
qkkcjll6act,True,True
qkm24vsqhuf,False,False
qkrp6jrj4aa,True,True
qktgyk1564n,False,False
qlpfuzislfz,True,True
qltuhbqe0vb,False,False
qm11nzjz0oy,True,True
qmzj8bpqal5,True,True
qnhlb3zqucp,True,True
qnxa68cg7qo,False,False
qnzz3hh4jej,False,False
qp23rykghp2,False,False
qpx7fvn2gwr,True,True
qq3ikd28qf8,False,False
qqcjkjbh4wx,True,True
qqurosa4ee3,False,False
qscfwj0tdht,True,True
qtekfijfr87,True,True
qwhpv606396,False,False
qwz7wucr5zy,False,False
qxmzhs8ac4c,True,True
qxs7xw7ogqs,False,False
qyip6iai67s,False,False
qzin2ahgksv,True,True
r0bsmqc1ppy,True,True
r0vyb1jdw4n,True,True
r1xh37labnq,False,False
r298qnh1vp7,False,False
r2e6ucxfd15,True,True
r3i3i7tazh2,True,True
r3ibo0orboi,True,True
r5w4qk6ynix,False,False
r5wd9k0azok,False,False
r6gtxjl6iug,True,True
r7lfcl63dlc,True,True
r7n15vej0cd,True,True
r8dwysl6m4d,False,False
r8uymqq4gyv,False,False
r96zz2ebndx,True,True
r9d2c7eefsy,True,True
ra2zo1dzt17,False,False
ragxnfurw1c,False,False
rays16href4,True,True
rbk4hsfccr4,False,False
rbzgsdg0ryt,False,False
rc378u6xaqj,True,True
rcenzc3ev7z,True,True
rcu2hwo0v4n,True,True
rcw5vyziwq7,True,True
rex0qguzmpq,True,True
rf31xi3vvk3,True,True
rfsisyfyu1f,True,True
rfwburmkfdy,True,True
rh9q7gwbs0r,True,True
riw6k8n8me4,False,False
rizblmtg1lt,False,False
rjzd6eva3zv,False,False
rliwjw1d7yz,True,True
rn4cmxkc4oa,True,True
rn7g2k07poc,False,False
rnbvvc4kkw3,True,True
ro3olpa58a4,True,True
ro450z22pw2,True,True
rojanfalp4n,True,True
ronjg6rk8o7,False,False
rprxjn12bsb,True,True
rq25y2ei1qw,True,True
rq2lbqjhwae,False,False
rqbgvpzzxye,False,False
rqyv4g3cz63,True,True
rr4gzpoej32,True,True
rrq3kvbh7me,True,True
rswl3bfbx1w,True,True
rt3k6xlj9nf,True,True
rtc397hfp5z,True,True
rul1m3snoy2,False,False
rv3low0g1s5,True,True
rvy1hx9r1ky,True,True
rx6yxaegf7t,True,True
ry6f4l0w6qf,False,False
ryfuu3gzva5,True,True
rypo8y0fjbo,False,False
ryv2hoyhz9a,True,True
ryzmgat3by0,True,True
s0rh3nq7ipa,True,True
s180qe7oipc,True,True
s2e8ub1p20e,True,True
s2qa3zl2ixs,True,True
s3dtch31hq0,False,False
s47qaw7vnqs,False,False
s5i3i2zojie,False,False
s64mpfnqqdt,False,False
s69lqzjhum5,False,False
s6im8utal75,True,True
s6nmf9ncaiq,False,False
s6xlflk7b6g,True,True
s6z0gmdbfnl,False,False
s72am8azm8f,True,True
s78v6egrkk8,False,False
s7ay25e1v5l,True,True
s7cihvs286n,True,True
s7usauuogef,True,True
s7vwnx2a6j4,True,True
s85dr4p55d8,True,True
s8g9xr31doc,False,False
s8ucardnyek,True,True
s95pn2fup9z,True,True
s9dhkmhe470,False,False
s9onhvwl53e,False,False
sbi9czyvrc2,True,True
sblmz64pokl,False,False
sbpiox2admu,True,True
sc47h88jxdh,True,True
sc8h9brb1l7,True,True
scv3m02vo2j,False,False
sdquri9k6xw,True,True
sezh6rikrqk,True,True
sfzuual4byl,True,True
shemso7s7xy,False,False
shq45r9mexm,False,False
shq68xeyh1k,True,True
shxywzq3suv,True,True
sindmz0kc3l,True,True
sirghdeuuae,True,True
siwf0wjg4vg,True,True
skiu1sgj04s,False,False
skp62px8eii,False,False
sldylog4xuq,True,True
sltbzns1ozr,True,True
slwf3djr1aq,True,True
smkug2a1k4b,False,False
snuqs2jp7cj,True,True
sojguzn5n1y,False,False
spnvnr14hl0,False,False
sqerjw0a7vo,True,True
srmsqmx55m3,True,True
srpuhjgxqiy,True,True
ss5hlqjr2fq,True,True
ss7o9g5aqsr,False,False
ssxm8lq45hq,True,True
stezuqbtana,True,True
stkb6rb642u,False,False
sutn2jnovny,False,False
suwqatx0vf6,False,False
svm0guwd0lt,True,True
swii99814mc,False,False
swzk6llhuv9,False,False
sz1e58xaur4,True,True
t0chze7rg87,True,True
t2jllg00mz4,True,True
t3axqjpe43j,False,False
t3c0l57vbsl,False,False
t4aer637pyn,True,True
t4ckhrmhvlo,False,False
t4d6zu1vn7u,True,True
t50ayjodadx,True,True
t677dcse8ah,False,False
t68wp8ymln4,False,False
t720w7d086c,False,False
t7wuhurc687,False,False
t8aiukrs5pu,True,True
t97wb22pj22,True,True
t9x3es1voil,False,False
ta27ixzajeh,False,False
tb6j750klhi,True,True
tbkm3958fuc,False,False
tc8oirgjnfl,True,True
tfbyp40lgp1,True,True
tfo7a2metru,True,True
tgn6vp71zjp,False,False
th208c83pi6,False,False
thccwkmpimv,True,True
thw7rnsb945,True,True
tjedn3yimkr,True,True
tjindtgn33w,True,True
tm0p3mp73v0,False,False
tm619ssrzlk,True,True
tn2edk9v92u,True,True
tn7kpv3uwjc,False,False
tnoecascpht,False,False
todkyo1ob5y,True,True
tot26zadpk0,True,True
tp8xqpd3i44,True,True
tqe3h8lyds3,True,True
tqvs671336m,True,True
tw8vdxuucyv,False,False
twqome2qm6r,True,True
twv78lpndoz,False,False
txklxxdmssp,True,True
txyavvgans3,True,True
tyfoaw4287i,True,True
tyk3hme559h,True,True
tztah005p7c,True,True
u0tonkcx9rf,True,True
u0vdh6oyaid,False,False
u1iuh965rmf,True,True
u1l5zhwy7dd,True,True
u206llze4bo,True,True
u3bota62cms,True,True
u3jnupya6kz,True,True
u3w6lbh4fnq,True,True
u53nivr9avc,False,False
u69qzkart1g,False,False
u7uqt1wi7l8,True,True
u8l816re9hj,False,False
u8nedw0cbhp,True,True
u97zonp79w7,False,False
ubm9yjwk73o,True,True
ubsxsrkaqfv,False,False
ucrnqkwqbpz,False,False
ucu0imafh5q,False,False
udbr9q44r38,True,True
ufkyenqooxb,True,True
ug070971an5,True,True
ug39cj2kulu,True,True
ug70m9vq8ke,True,True
ug9p0s2splh,True,True
ugi065x2msa,True,True
uhmrrrgrgr1,True,True
uisr8vl59gb,False,False
ukdxyl18d6i,True,True
ukgzjwr1qj2,True,True
unitkt5meko,False,False
uod9q42v804,True,True
uognid1ur24,False,False
up48m1pqqaj,True,True
upk1rhppqw6,False,False
uq3ofy0qifi,False,False
uqjmjluta5u,False,False
uqvpgx61azu,True,True
urceg4zzb8u,True,True
usxvxj65tfg,True,True
uu8htwli71a,True,True
uv10gf491qg,True,True
uvg4dfa5yux,False,False
uw6h52qy2mo,True,True
uysrpegkkax,True,True
uyxuwmc8a8h,False,False
v08j1y4sjq9,True,True
v0p9ge9vdnd,True,True
v209gli552i,False,False
v3nnv8mr259,True,True
v4hz3n608zf,True,True
v5erxhi28m0,True,True
v6zt9egdxu5,False,False
v7zk1zh72vj,True,True
v95g54i3mn0,True,True
vb8w9ra48df,True,True
vbe22x8cxm8,True,True
vbvmk9ope2l,True,True
vdm8c866ui7,False,False
vei7nch8dgm,False,False
vfay9jbgjem,False,False
vgy2kd0p4wl,True,True
vgzzt6m1274,False,False
vh9ye31b0fd,False,False
vjizmsw9fji,False,False
vjlohs8bd1c,False,False
vkpej513yph,False,False
vlrn3qicryw,True,True
vlverirxc1z,True,True
vlxl5ihr3pl,False,False
vm2p8db58an,False,False
vnezlsd6e32,False,False
vo1y10qjcu5,True,True
voe6xpv89uh,False,False
voryhkspcda,False,False
vp7fhklesec,False,False
vpx3d13rjnz,True,True
vsbvikzudaf,True,True
vt73tnxwzp4,True,True
vu5zkybdr3z,False,False
vujco18pgzx,True,True
vuuooqmimfm,False,False
vvcfsh674m7,True,True
vvck8ovelhn,True,True
vx9nsdciqsw,True,True
vym705m6y8l,True,True
vzfrvw2z8m8,False,False
vzh8b26iuaz,True,True
w100iwcx1w0,True,True
w1uociq1edt,True,True
w2k9og4qtp9,True,True
w2r7qwk03in,True,True
w2t6knpb9hb,True,True
w33v3ov1fbf,True,True
w3hs0mki34h,False,False
w4lyq806a7i,True,True
w4r2d9xzixg,True,True
w4tka38pljn,True,True
w51tiu2mufb,False,False
w559l2ke1oe,False,False
w5hx4nweg13,True,True
w5qudraeyss,False,False
w6pm5idorba,True,True
w8u6k7s1vlp,True,True
w8wdxeoetij,True,True
w9b0ecuusma,False,False
w9qi2f8pjnc,False,False
wa289ui9h06,False,False
waeo6ri8q6l,True,True
wb201qxh4yi,True,True
wbvnd3cabnu,True,True
wc7bxbot7x5,False,False
wc7jdskd4ac,True,True
wdamlpmiwoi,False,False
we3i97h5djq,True,True
we47isivdpw,False,False
wfrygitmguf,False,False
wgl3qh2v29n,False,False
whdxdue80xd,True,True
wibkrt1yi5i,True,True
wjo52sq7blu,False,False
wkb83kgdl14,True,True
wl0b636f8gl,True,True
wl6cv8snt3e,False,False
wm1cj918y2k,True,True
wm9u7im1255,False,False
wmzvlb4djog,True,True
wn7c3or5qkr,False,False
woc4f7fud6m,True,True
wpnoiy25rl1,True,True
wre6nxdfczi,True,True
wrtx9bnv1zz,True,True
ws3lecwsfij,False,False
wsrzu5k65n6,True,True
wssik3ikgy4,False,False
wtds2lxd79i,True,True
wtjfhdeut98,False,False
wus2r1o6qzo,True,True
wuz1spxgrsv,True,True
wv7uyjvhvfe,False,False
wvse8p3mnj5,False,False
wvt1yg5g411,True,True
wxe8fuwwtps,True,True
wxh1mxlln9j,True,True
x0nqperb7tk,False,False
x1ex3wdkw40,False,False
x1mbwsfgl6k,True,True
x1nvy65u8ly,True,True
x3e7azkbsxo,False,False
x485ruva4x3,True,True
x49nmlsrr4n,True,True
x4w86ey0qqe,True,True
x5f8l523mga,False,False
x70d9x20dcv,True,True
x8t3qlxkrnp,False,False
x9ka25cfu39,True,True
xbo6wsqwxi9,True,True
xccfjiwu62l,True,True
xczm7pyalvw,True,True
xd3qdxm3g7a,True,True
xdoxpbm2fnz,True,True
xf5823pj4m4,True,True
xflt91tw5v9,False,False
xfsmlkbyxb7,False,False
xgjhxu000j1,True,True
xhflot9enjm,False,False
xicngem0hkt,True,True
xk4p13koqek,True,True
xlt7gtarjm4,True,True
xlubaegy192,True,True
xm0rwhl8g72,False,False
xm0t40fn0d2,True,True
xmifwrdj5rq,False,False
xn2riivstct,True,True
xnwo864pd91,True,True
xodf4svefyo,True,True
xpm0vrt6bzv,True,True
xpnonldjipn,False,False
xqhi6xc2qq9,False,False
xrarie1qtml,False,False
xsfdz3lwejr,True,True
xtfyj3mm5ic,True,True
xtq3dgtp14v,False,False
xw4kn0qjjhr,True,True
xw6gyb03t51,True,True
xx1lnqmefcj,True,True
xy7glptspa6,True,True
xyht7jc8hw6,False,False
y0cubv0jqf0,True,True
y0ejft161x4,True,True
y0wc7qhm4mx,True,True
y2m3zucxnvk,True,True
y31qjeg50rz,True,True
y3lt5qedz8r,True,True
y3o5p7sj6z9,False,False
y43chrd6xet,False,False
y5jzwlhh5ou,True,True
y6fbfm77r5h,False,False
y6fwcndm2rq,True,True
y7uhveklh64,True,True
y89gzj21b2d,False,False
y96coqb8e1d,False,False
y970ddunupm,True,True
yabh7x78vjq,True,True
yanfpuibx5g,True,True
ydb1otb4wn7,True,True
ydgof2k52hc,True,True
yebbpufdsed,True,True
yect3j5w5xh,False,False
yeel2kmtoj1,False,False
yeozh4nge1f,False,False
yfhw8icykso,False,False
yfqc962elbg,True,True
yh8f768i2ad,True,True
yju9nzai98z,False,False
yl1wzuvyuzn,False,False
ymchqlifrcr,False,False
ynogs6ql1l6,True,True
yp7jihwm9mc,True,True
yr8src2i4ce,True,True
yrla7te8did,False,False
ytlp4ll8vlr,True,True
yuhgkuvvkl7,True,True
yvgxgy3pxh9,True,True
ywavmd5gr8b,True,True
ywu7t1sl6xw,True,True
yxmez0fkukz,True,True
yyf96dxyoes,True,True
yz980fjau76,True,True
yzvx3unhcp7,True,True
z07oqi6s057,False,False
z0vtx91tdv6,True,True
z0wxc65p0kt,False,False
z13887l6360,True,True
z139wb0rpdi,True,True
z18gp0z5c92,True,True
z3ucy1cl01i,False,False
z41gol9ibuo,False,False
z5ecm85agcp,False,False
z7y1m5htyi6,False,False
z8mvztob2ra,True,True
z8wk9rqxwr3,True,True
z9a83r0oi2s,True,True
zaylfiu3t1u,True,True
zbfibr6hurh,True,True
zbh01a5r19e,True,True
zbhq7kn5lch,False,False
zcae9uugldd,True,True
zeme51uyzhf,False,False
zew0zw544hu,False,False
zfberkxgv20,True,True
zgkr5xqhojb,True,True
zipmafti4g1,True,True
zj5uxyv70r6,False,False
zksy90vagbq,True,True
zlhn3nrz3k1,False,False
zlotfdl38em,False,False
zmfygnjunvg,True,True
zn8hlznf8sn,True,True
zp1rwp87tf5,False,False
zpherp7b4jh,False,False
zpsnofwjlcz,True,True
zqfq9f9snut,True,True
zrf0353r09a,False,False
zrfszsmtrqz,True,True
zrppmx95hn7,True,True
zrpv3xbinho,False,False
zrwszghee8o,False,False
zsqz7tsc82y,False,False
zt8wbfthf9r,True,True
ztlz8g6ruwy,True,True
zu79ttunx8i,True,True
zucuh515bef,True,True
zwh5yhmu14w,True,True
zwn2h1f7u7w,True,True
zwrkukkkqjr,True,True
zwxob9kqvc9,True,True
zxrr7xzpmxx,True,True
zyhrrhik7zt,True,True
zyz4lcusiy6,False,False
zzm73krlac0,False,False
zzv3logjblt,False,False
