contrast,component,point,ci_low,ci_high,p_two_sided,n_cells,n_clusters,n_d_draws,bootstrap_type,bootstrap_draws
Chronos,Total,-50.52998857306874,-70.68167103707815,-33.869697770014945,0.00019998000199980003,11350,1135,50,two-way,10000
Chronos,Holding,1.6699961096918576,1.3450768986052135,2.0298769384134903,0.00019998000199980003,11350,1135,50,two-way,10000
Chronos,Shortage,-52.1999846827606,-72.59135888010948,-35.37200916664506,0.00019998000199980003,11350,1135,50,two-way,10000
Emp,Total,-62.558899756412615,-85.56024272798113,-43.670812086602766,0.00019998000199980003,11350,1135,50,two-way,10000
Emp,Holding,1.433476872991136,1.1411376017636734,1.7682771748895691,0.00019998000199980003,11350,1135,50,two-way,10000
Emp,Shortage,-63.992376629403765,-87.19785666072428,-44.95978720086854,0.00019998000199980003,11350,1135,50,two-way,10000
Delta,Total,12.028911183343872,8.268218547176813,16.47595611514807,0.00019998000199980003,11350,1135,50,two-way,10000
Delta,Holding,0.23651923670072172,0.12255921950253612,0.3470379465975804,0.0005999400059994001,11350,1135,50,two-way,10000
Delta,Shortage,11.792391946643162,8.06336234780337,16.2093636608411,0.00019998000199980003,11350,1135,50,two-way,10000
