arm,policy,alpha,costing,n,CSR_ub,FR_ub,cost,hold,short_c,S_med,n_orders,avg_inv,lost_lb
chronos2-ft-full,P1,0.85,derived,3363,0.8679750223015165,0.8424681675553748,18.3583873661083,7.301004804242244,11.057382561866058,15.0,1538,34.068248587570615,25315.0
chronos2-ft-full-short,P1,0.85,derived,3363,0.8581623550401427,0.8339241736408392,18.491691732249645,7.093055106551691,11.398636625697954,15.0,1491,33.57226286054118,26688.0
chronos2-ft-full-h32,P1,0.85,derived,3363,0.8593517692536425,0.8338121620673056,18.497117426900584,6.991306717216771,11.505810709683814,14.0,1471,33.45733571216176,26706.0
chronos2-zs,P1,0.85,derived,3363,0.8768956289027654,0.8457600632442236,18.880621300756598,7.985399962335216,10.895221338421381,18.0,1632,34.85013975617008,24786.0
emp-daily,P1,0.85,derived,3363,0.8415105560511448,0.7935377785167776,20.02287173852711,7.5516951600753295,12.471176578451779,16.0,1499,34.04817722271781,33178.0
gbdt-lean,P1,0.85,derived,3363,0.8513232233125186,0.7460545167795827,22.690635642779263,8.340516161165628,14.350119481613639,20.0,1782,34.42709782931906,40808.45
always-zero,P1,0.85,derived,3363,0.7133511745465358,0.5269349874870626,28.78949490236891,5.396222977500248,23.393271924868667,0.0,4,29.611416889681834,76020.45
chronos2-ft-full,P2,0.85,derived,3363,0.8703538507285162,0.8506890967196267,18.207661980587222,7.436628142666389,10.771033837920832,15.821054307539928,1598,34.45035170989666,23993.91575586038
chronos2-ft-full-short,P2,0.85,derived,3363,0.8620279512340172,0.8424072325368352,18.31711902644218,7.212949041569147,11.104169984873032,15.263494644387027,1559,33.91546780282611,25324.79211611005
chronos2-ft-full-h32,P2,0.85,derived,3363,0.8623253047873922,0.8422400437605633,18.317663280546093,7.109761618825105,11.207901661720987,14.697137252756034,1539,33.79624979668958,25351.658964579008
chronos2-zs,P2,0.85,derived,3363,0.8777876895628903,0.8536178387044815,18.770592332142865,8.147708981212606,10.622883350930259,18.113048666570393,1702,35.26114868965562,23523.273713575607
emp-daily,P2,0.85,derived,3363,0.8426999702646447,0.8020437710412712,19.83598633787618,7.666752868644781,12.169233469231397,16.32888502330344,1572,34.35205411875976,31811.10673521653
gbdt-lean,P2,0.85,derived,3363,0.8537020517395183,0.7534576316783436,22.62364782923464,8.544549736187468,14.079098093047168,20.780546975710912,1861,34.760903224783796,39618.78661099568
always-zero,P2,0.85,derived,3363,0.7133511745465358,0.5269349874870626,28.78949490236891,5.396222977500248,23.393271924868667,0.0,4,29.611416889681834,76020.45
chronos2-ft-full,P3,0.85,derived,3363,0.8765982753493904,0.8514539848988486,18.20396817193643,7.464735327584498,10.739232844351934,16.0,1568,34.49866785608088,23871.0
chronos2-ft-full-short,P3,0.85,derived,3363,0.8670829616413916,0.8431402369965764,18.312455047080977,7.238390248785807,11.074064798295172,15.0,1527,33.95956586381207,25207.0
chronos2-ft-full-h32,P3,0.85,derived,3363,0.8673803151947665,0.8426984135676383,18.316048019625335,7.127609819605511,11.18843820001982,15.0,1502,33.822634552482896,25278.0
chronos2-zs,P3,0.85,derived,3363,0.8837347606303896,0.8543227257543482,18.761557088908713,8.171297647933391,10.590259440975318,18.0,1666,35.30494201605709,23410.0
emp-daily,P3,0.85,derived,3363,0.8498364555456438,0.8022062297352395,19.83859829715532,7.6797640717613245,12.158834225393992,16.0,1549,34.36961641391614,31785.0
gbdt-lean,P3,0.85,derived,3363,0.8569729408266429,0.7541867437040783,22.587545024614265,8.547776345524829,14.039768679089436,21.0,1826,34.824510853404696,39501.619999999995
always-zero,P3,0.85,derived,3363,0.7133511745465358,0.5269349874870626,28.78949490236891,5.396222977500248,23.393271924868667,0.0,4,29.611416889681834,76020.45
chronos2-ft-full,P1,0.9,derived,3363,0.8840321141837645,0.8525865463645772,24.49425995837051,7.617956211715731,16.876303746654777,17.0,1609,34.715289919714536,23689.0
chronos2-ft-full-short,P1,0.9,derived,3363,0.8739220933690157,0.8444968216093723,24.779229900882147,7.379559963326395,17.399669937555757,16.0,1573,34.162063633660416,24989.0
chronos2-ft-full-h32,P1,0.9,derived,3363,0.8742194469223907,0.8442665755971088,24.817889034592135,7.258668695609079,17.559220338983053,16.0,1558,34.01725245316681,25026.0
chronos2-zs,P1,0.9,derived,3363,0.8873030032708891,0.8556108588499847,25.034396071959563,8.402744644662505,16.631651427297058,19.0,1739,35.59991674100505,23203.0
emp-daily,P1,0.9,derived,3363,0.8542967588462682,0.8047762730613162,26.85894335117455,7.83514339577758,19.02379995539697,17.0,1591,34.630692833779364,31372.0
gbdt-lean,P1,0.9,derived,3363,0.8611358905738924,0.7566385525914251,30.951177472494802,8.82454872137972,22.12662875111508,22.0,1891,35.11457924472197,39107.619999999995
always-zero,P1,0.9,derived,3363,0.7133511745465358,0.5269349874870626,42.55024309346814,5.396222977500248,37.154020115967896,0.0,4,29.611416889681834,76020.45
chronos2-ft-full,P2,0.9,derived,3363,0.8843294677371395,0.8593333857119405,24.2556491279058,7.7280186576772305,16.52763047022857,17.005312177245212,1671,35.05176409137967,22604.798569546
chronos2-ft-full-short,P2,0.9,derived,3363,0.8751115075825157,0.8515124454677075,24.50028945584415,7.48527062043931,17.015018835404838,16.414096168530477,1644,34.47488309715805,23861.605522212885
chronos2-ft-full-h32,P2,0.9,derived,3363,0.8745168004757656,0.8513210984540718,24.54601286831249,7.364856831276534,17.18115603703596,15.764710517520044,1618,34.32838349917116,23892.354543379086
chronos2-zs,P2,0.9,derived,3363,0.8896818316978888,0.8623548086375249,24.796197685009346,8.523375574757283,16.27282211025206,19.348742952269117,1796,35.948529106910506,22119.262915105784
emp-daily,P2,0.9,derived,3363,0.856080880166518,0.8117230377829628,26.61131117190595,7.973148099326918,18.638163072579033,17.314833086569955,1671,34.926919512635294,30255.671025725533
gbdt-lean,P2,0.9,derived,3363,0.8617305976806423,0.7625962732063283,30.704969031467968,8.900027632490886,21.804941398977082,22.18335981785308,1953,35.34899052713483,38150.22811909688
always-zero,P2,0.9,derived,3363,0.7133511745465358,0.5269349874870626,42.55024309346814,5.396222977500248,37.154020115967896,0.0,4,29.611416889681834,76020.45
chronos2-ft-full,P3,0.9,derived,3363,0.8890871245911388,0.8609749686492052,24.196053768460704,7.795175757755972,16.400878010704734,17.0,1636,35.183324412726726,22341.0
chronos2-ft-full-short,P3,0.9,derived,3363,0.8822479928635147,0.8532212786146011,24.447472937853117,7.549059021706809,16.8984139161463,17.0,1603,34.598876003568236,23587.0
chronos2-ft-full-h32,P3,0.9,derived,3363,0.8810585786500149,0.8527483408596813,24.493752598870056,7.412870350877194,17.080882247992868,16.0,1584,34.42135593220339,23663.0
chronos2-zs,P3,0.9,derived,3363,0.8950341956586381,0.8640055039998088,24.757315786500154,8.61082113886411,16.146494647636043,20.0,1771,36.09426702349093,21854.0
emp-daily,P3,0.9,derived,3363,0.8599464763603925,0.8127290947822022,26.553209284369117,7.967684752700961,18.58552453166816,17.0,1612,34.979934582218256,30094.0
gbdt-lean,P3,0.9,derived,3363,0.8661909009812667,0.7645166999299554,30.712911564079697,9.0352165774606,21.677694986619095,23.0,1932,35.528198037466545,37841.619999999995
always-zero,P3,0.9,derived,3363,0.7133511745465358,0.5269349874870626,42.55024309346814,5.396222977500248,37.154020115967896,0.0,4,29.611416889681834,76020.45
chronos2-ft-full,P1,0.95,derived,3363,0.9000892060660125,0.8663515241788182,41.835723334324484,8.21722474675389,33.61849858757059,19.0,1753,35.84984240261671,21477.0
chronos2-zs,P1,0.95,derived,3363,0.9066309842402617,0.8698238829583601,42.22458134800274,9.202151969471702,33.022429378531044,21.0,1903,36.9307225691347,20919.0
chronos2-ft-full-short,P1,0.95,derived,3363,0.8920606601248885,0.8589836517863855,42.459962604817086,7.952010156606206,34.50795244821089,18.0,1715,35.23536128456735,22661.0
chronos2-ft-full-h32,P1,0.95,derived,3363,0.8914659530181386,0.8583862567275395,42.76251451779162,7.805981090296363,34.95653342749526,18.0,1699,35.04728516205768,22757.0
emp-daily,P1,0.95,derived,3363,0.8745168004757656,0.8206570250423031,46.21486031519473,8.554288752106254,37.66057156308847,19.0,1738,35.80806422836753,28820.0
gbdt-lean,P1,0.95,derived,3363,0.8765982753493904,0.771380520241487,54.325719528198995,9.503707136485282,44.82201239171371,25.0,2060,36.2080969372584,36738.619999999995
always-zero,P1,0.95,derived,3363,0.7133511745465358,0.5269349874870626,83.83248766676572,5.396222977500248,78.43626468926547,0.0,4,29.611416889681834,76020.45
chronos2-ft-full,P2,0.95,derived,3363,0.8986024382991377,0.871222864269807,41.38306434585339,8.185648684754225,33.197415661099164,18.79042030343912,1786,35.98873580407782,20694.186948887116
chronos2-zs,P2,0.95,derived,3363,0.9051442164733868,0.8743051921952757,41.77225547720702,9.114362122705103,32.65789335450192,21.16208387432483,1925,37.031874670688,20198.86400226509
chronos2-ft-full-short,P2,0.95,derived,3363,0.8902765388046388,0.8637703395517486,42.05753502885113,7.915259235821149,34.14227579302997,18.06289775181903,1753,35.35869522737454,21891.79038122175
chronos2-ft-full-h32,P2,0.95,derived,3363,0.8890871245911388,0.8631640178765368,42.32052471340173,7.773907119746423,34.54661759365531,17.38141471695466,1740,35.187572493673706,21989.224867762
emp-daily,P2,0.95,derived,3363,0.872137972048766,0.8252053823700991,45.814603641019524,8.455732378730902,37.35887126228863,18.776156639135014,1793,35.83447161335254,28089.089529612174
gbdt-lean,P2,0.95,derived,3363,0.8736247398156408,0.7753708794802211,53.912353614267936,9.458037051409478,44.454316562858466,24.262539769047883,2080,36.2763270079019,36097.37852796886
always-zero,P2,0.95,derived,3363,0.7133511745465358,0.5269349874870626,83.83248766676572,5.396222977500248,78.43626468926547,0.0,4,29.611416889681834,76020.45
chronos2-ft-full,P3,0.95,derived,3363,0.9051442164733868,0.8743230144952933,41.089706162156766,8.421418026563584,32.66828813559319,20.0,1793,36.37169788878977,20196.0
chronos2-zs,P3,0.95,derived,3363,0.911983348201011,0.8774655614194306,41.56752180295368,9.432142801070473,32.13537900188321,22.0,1927,37.49212607790663,19691.0
chronos2-ft-full-short,P3,0.95,derived,3363,0.8980077311923877,0.8671667195195351,41.65935186539792,8.14225629101001,33.517095574387916,19.0,1753,35.71885816235504,21346.0
chronos2-ft-full-h32,P3,0.95,derived,3363,0.895926256318763,0.8660901638405731,41.9852191961542,7.971353847754981,34.013865348399214,18.0,1736,35.50565566458519,21519.0
emp-daily,P3,0.95,derived,3363,0.8783823966696402,0.8282800349077846,45.46558412330257,8.700171223114284,36.76541290018829,19.0,1768,36.203841807909605,27595.0
gbdt-lean,P3,0.95,derived,3363,0.8807612250966399,0.7791093188153059,53.71028412825846,9.759125314699178,43.95115881355928,25.0,2095,36.6914451382694,35496.619999999995
always-zero,P3,0.95,derived,3363,0.7133511745465358,0.5269349874870626,83.83248766676572,5.396222977500248,78.43626468926547,0.0,4,29.611416889681834,76020.45
chronos2-ft-full,P1,0.98,derived,3363,0.9164436515016354,0.8807076741867088,90.22741544949938,8.903892057686589,81.3235233918128,22.0,1905,37.2014629794826,19170.0
chronos2-zs,P1,0.98,derived,3363,0.9241748438893844,0.8836759808853494,90.27215585984727,10.111062639508376,80.16109322033891,24.0,2038,38.51829319060363,18693.0
chronos2-ft-full-short,P1,0.98,derived,3363,0.9081177520071365,0.873538933480558,92.23054648329857,8.603779038556844,83.62676744474173,21.0,1869,36.50833184656556,20322.0
chronos2-ft-full-h32,P1,0.98,derived,3363,0.9090098126672613,0.8727112924094486,93.03746815541672,8.391919364654575,84.64554879076213,20.0,1836,36.26702943800178,20455.0
emp-daily,P1,0.98,derived,3363,0.8896818316978888,0.8368862574742834,100.54452973238175,9.184684182773317,91.35984554960841,21.0,1870,37.065572405590245,26212.0
gbdt-lean,P1,0.98,derived,3363,0.8896818316978888,0.7872861636832591,120.82930327287136,10.35044073248092,110.47886254039044,28.0,2199,37.61472792149866,34182.619999999995
always-zero,P1,0.98,derived,3363,0.7133511745465358,0.5269349874870626,207.67922138665853,5.396222977500248,202.28299840915832,0.0,4,29.611416889681834,76020.45
chronos2-zs,P2,0.98,derived,3363,0.9194171870353851,0.8861582277982232,89.79904927312778,9.817452212822841,79.98159706030494,23.351038044322163,2028,38.327912916946616,18294.108679914036
chronos2-ft-full,P2,0.98,derived,3363,0.9110912875408861,0.8832535736091212,89.88630157783035,8.734591648608394,81.15170992922194,20.803991162297272,1901,37.114251520436596,18760.879869305
chronos2-ft-full-short,P2,0.98,derived,3363,0.904252155813262,0.8762368642065972,91.8078944168956,8.43341183384832,83.3744825830473,19.923360846254315,1868,36.418395522581484,19888.44879152478
chronos2-ft-full-h32,P2,0.98,derived,3363,0.903657448706512,0.8753463095334633,92.7950856614406,8.261445779896953,84.53363988154364,19.21988850490882,1834,36.21799646953779,20031.55886141057
emp-daily,P2,0.98,derived,3363,0.8846268212905144,0.8395650526507221,100.18106833201217,9.030340156970206,91.15072817504195,20.42087152531255,1885,36.92638468611761,25781.523829951107
gbdt-lean,P2,0.98,derived,3363,0.8855188819506393,0.7888743898665258,120.58853472525651,10.125948394270319,110.4625863309862,26.602650014153724,2185,37.39258589725278,33927.395737033796
always-zero,P2,0.98,derived,3363,0.7133511745465358,0.5269349874870626,207.67922138665853,5.396222977500248,202.28299840915832,0.0,4,29.611416889681834,76020.45
chronos2-ft-full,P3,0.98,derived,3363,0.9235801367826345,0.8877519575889334,88.27091019625327,9.152684281891169,79.11822591436211,22.0,1945,37.80583407671722,18038.0
chronos2-zs,P3,0.98,derived,3363,0.9283377936366339,0.8906704813660036,88.45134344038055,10.38342055406879,78.06792288631175,25.0,2076,39.15477847160274,17569.0
chronos2-ft-full-short,P3,0.98,derived,3363,0.9152542372881356,0.8810872689636838,90.15606152443247,8.83357748240658,81.3224840420259,21.0,1916,37.066613143027055,19109.0
chronos2-ft-full-h32,P3,0.98,derived,3363,0.9146595301813857,0.8799235931719736,91.02572477153329,8.607395725047082,82.4183290464862,21.0,1896,36.802265834076714,19296.0
emp-daily,P3,0.98,derived,3363,0.8953315492120131,0.8445714959917281,98.5015857339676,9.39532978689662,89.10625594707099,21.0,1910,37.5340529289325,24977.0
gbdt-lean,P3,0.98,derived,3363,0.8935474278917633,0.7947536019188329,118.9429445901476,10.662374843889385,108.2805697462582,28.0,2242,38.198878977103774,32982.619999999995
always-zero,P3,0.98,derived,3363,0.7133511745465358,0.5269349874870626,207.67922138665853,5.396222977500248,202.28299840915832,0.0,4,29.611416889681834,76020.45
chronos2-ft-full,P3m,,derived,3363,0.8941421349985132,0.8565442886294313,43.11335803548416,8.048312366934285,35.06504566854987,19.0,1741,35.64451977401129,23053.0
chronos2-zs,P3m,,derived,3363,0.8991971454058876,0.8593508008329678,43.58048901972442,8.934283746654772,34.646205273069654,21.0,1851,36.7145465358311,22602.0
chronos2-ft-full-short,P3m,,derived,3363,0.8855188819506393,0.8490581817982686,43.8039232550302,7.786745759738329,36.01717749529187,18.0,1698,35.0316741005055,24256.0
chronos2-ft-full-h32,P3m,,derived,3363,0.8855188819506393,0.8481683120751962,44.161852955694286,7.62329975418773,36.53855320150655,17.0,1669,34.80851025869759,24399.0
emp-daily,P3m,,derived,3363,0.8682723758548915,0.808149065997717,48.242447142432326,8.284876991773219,39.9575701506591,18.0,1715,35.49792447219744,30830.0
gbdt-lean,P3m,,derived,3363,0.871245911388641,0.7649896376848752,55.20275949747246,9.305913301615622,45.89684619585683,25.0,2028,36.09807612250966,37765.619999999995
always-zero,P3m,,derived,3363,0.7133511745465358,0.5269349874870626,83.83248766676572,5.396222977500248,78.43626468926547,0.0,4,29.611416889681834,76020.45
chronos2-ft-full,P1,0.85,margin,3363,0.8679750223015165,0.8424681675553748,39.62413593715928,7.301004804242244,32.323131132917034,15.0,1538,34.068248587570615,25315.0
chronos2-zs,P1,0.85,margin,3363,0.8768956289027654,0.8457600632442236,39.65037914758647,7.985399962335216,31.664979185251262,18.0,1632,34.85013975617008,24786.0
chronos2-ft-full-short,P1,0.85,margin,3363,0.8581623550401427,0.8339241736408392,40.35667835959956,7.093055106551691,33.26362325304787,15.0,1491,33.57226286054118,26688.0
chronos2-ft-full-h32,P1,0.85,margin,3363,0.8593517692536425,0.8338121620673056,40.73790350579839,6.991306717216771,33.74659678858162,14.0,1471,33.45733571216176,26706.0
emp-daily,P1,0.85,margin,3363,0.8415105560511448,0.7935377785167776,43.308421297452675,7.5516951600753295,35.75672613737734,16.0,1499,34.04817722271781,33178.0
gbdt-lean,P1,0.85,margin,3363,0.8513232233125186,0.7460545167795827,49.16340316681534,8.340516161165628,40.82288700564972,20.0,1782,34.42709782931906,40808.45
always-zero,P1,0.85,margin,3363,0.7133511745465358,0.5269349874870626,67.27452776489245,5.396222977500248,61.87830478739221,0.0,4,29.611416889681834,76020.45
chronos2-ft-full,P2,0.85,margin,3363,0.8703538507285162,0.8506890967196267,39.07046082864861,7.436628142666389,31.63383268598222,15.821054307539928,1598,34.45035170989666,23993.91575586038
chronos2-zs,P2,0.85,margin,3363,0.8777876895628903,0.8536178387044815,39.15080147534553,8.147708981212606,31.00309249413293,18.113048666570393,1702,35.26114868965562,23523.273713575607
chronos2-ft-full-short,P2,0.85,margin,3363,0.8620279512340172,0.8424072325368352,39.758156596013016,7.212949041569147,32.54520755444386,15.263494644387027,1559,33.91546780282611,25324.79211611005
chronos2-ft-full-h32,P2,0.85,margin,3363,0.8623253047873922,0.8422400437605633,40.11786042770454,7.109761618825105,33.008098808879446,14.697137252756034,1539,33.79624979668958,25351.658964579008
emp-daily,P2,0.85,margin,3363,0.8426999702646447,0.8020437710412712,42.72654085309453,7.666752868644781,35.05978798444974,16.32888502330344,1572,34.35205411875976,31811.10673521653
gbdt-lean,P2,0.85,margin,3363,0.8537020517395183,0.7534576316783436,48.734056933300444,8.544549736187468,40.189507197112974,20.780546975710912,1861,34.760903224783796,39618.78661099568
always-zero,P2,0.85,margin,3363,0.7133511745465358,0.5269349874870626,67.27452776489245,5.396222977500248,61.87830478739221,0.0,4,29.611416889681834,76020.45
chronos2-ft-full,P3,0.85,margin,3363,0.8765982753493904,0.8514539848988486,39.00193425711171,7.464735327584498,31.53719892952721,16.0,1568,34.49866785608088,23871.0
chronos2-zs,P3,0.85,margin,3363,0.8837347606303896,0.8543227257543482,39.090030921796014,8.171297647933391,30.918733273862617,18.0,1666,35.30494201605709,23410.0
chronos2-ft-full-short,P3,0.85,margin,3363,0.8670829616413916,0.8431402369965764,39.67652732877391,7.238390248785807,32.4381370799881,15.0,1527,33.95956586381207,25207.0
chronos2-ft-full-h32,P3,0.85,margin,3363,0.8673803151947665,0.8426984135676383,40.06355986420854,7.127609819605511,32.935950044603025,15.0,1502,33.822634552482896,25278.0
emp-daily,P3,0.85,margin,3363,0.8498364555456438,0.8022062297352395,42.702351047675684,7.6797640717613245,35.02258697591436,16.0,1549,34.36961641391614,31785.0
gbdt-lean,P3,0.85,margin,3363,0.8569729408266429,0.7541867437040783,48.64671402022004,8.547776345524829,40.098937674695215,21.0,1826,34.824510853404696,39501.619999999995
always-zero,P3,0.85,margin,3363,0.7133511745465358,0.5269349874870626,67.27452776489245,5.396222977500248,61.87830478739221,0.0,4,29.611416889681834,76020.45
chronos2-ft-full,P1,0.9,margin,3363,0.8840321141837645,0.8525865463645772,38.801506613143026,7.617956211715731,31.183550401427297,17.0,1609,34.715289919714536,23689.0
chronos2-zs,P1,0.9,margin,3363,0.8873030032708891,0.8556108588499847,38.95945145405888,8.402744644662505,30.556706809396374,19.0,1739,35.59991674100505,23203.0
chronos2-ft-full-short,P1,0.9,margin,3363,0.8739220933690157,0.8444968216093723,39.45222722470016,7.379559963326395,32.072667261373766,16.0,1573,34.162063633660416,24989.0
chronos2-ft-full-h32,P1,0.9,margin,3363,0.8742194469223907,0.8442665755971088,39.801817669739314,7.258668695609079,32.54314897413024,16.0,1558,34.01725245316681,25026.0
emp-daily,P1,0.9,margin,3363,0.8542967588462682,0.8047762730613162,42.32707768064229,7.83514339577758,34.4919342848647,17.0,1591,34.630692833779364,31372.0
gbdt-lean,P1,0.9,margin,3363,0.8611358905738924,0.7566385525914251,48.63607634552483,8.82454872137972,39.8115276241451,22.0,1891,35.11457924472197,39107.619999999995
always-zero,P1,0.9,margin,3363,0.7133511745465358,0.5269349874870626,67.27452776489245,5.396222977500248,61.87830478739221,0.0,4,29.611416889681834,76020.45
chronos2-ft-full,P2,0.9,margin,3363,0.8843294677371395,0.8593333857119405,38.385761786864556,7.7280186576772305,30.65774312918732,17.005312177245212,1671,35.05176409137967,22604.798569546
chronos2-zs,P2,0.9,margin,3363,0.8896818316978888,0.8623548086375249,38.55492633082339,8.523375574757283,30.03155075606611,19.348742952269117,1796,35.948529106910506,22119.262915105784
chronos2-ft-full-short,P2,0.9,margin,3363,0.8751115075825157,0.8515124454677075,39.00041623364357,7.48527062043931,31.51514561320425,16.414096168530477,1644,34.47488309715805,23861.605522212885
chronos2-ft-full-h32,P2,0.9,margin,3363,0.8745168004757656,0.8513210984540718,39.35188685111382,7.364856831276534,31.987030019837285,15.764710517520044,1618,34.32838349917116,23892.354543379086
emp-daily,P2,0.9,margin,3363,0.856080880166518,0.8117230377829628,41.88755562387697,7.973148099326918,33.91440752455005,17.314833086569955,1671,34.926919512635294,30255.671025725533
gbdt-lean,P2,0.9,margin,3363,0.8617305976806423,0.7625962732063283,48.2375333879329,8.900027632490886,39.337505755441995,22.18335981785308,1953,35.34899052713483,38150.22811909688
always-zero,P2,0.9,margin,3363,0.7133511745465358,0.5269349874870626,67.27452776489245,5.396222977500248,61.87830478739221,0.0,4,29.611416889681834,76020.45
chronos2-ft-full,P3,0.9,margin,3363,0.8890871245911388,0.8609749686492052,38.22351503816037,7.795175757755972,30.428339280404398,17.0,1636,35.183324412726726,22341.0
chronos2-zs,P3,0.9,margin,3363,0.8950341956586381,0.8640055039998088,38.419453312518584,8.61082113886411,29.808632173654473,20.0,1771,36.09426702349093,21854.0
chronos2-ft-full-short,P3,0.9,margin,3363,0.8822479928635147,0.8532212786146011,38.85386722866488,7.549059021706809,31.30480820695807,17.0,1603,34.598876003568236,23587.0
chronos2-ft-full-h32,P3,0.9,margin,3363,0.8810585786500149,0.8527483408596813,39.21817811180493,7.412870350877194,31.80530776092774,16.0,1584,34.42135593220339,23663.0
emp-daily,P3,0.9,margin,3363,0.8599464763603925,0.8127290947822022,41.80113108038457,7.967684752700961,33.83344632768361,17.0,1612,34.979934582218256,30094.0
gbdt-lean,P3,0.9,margin,3363,0.8661909009812667,0.7645166999299554,48.164714763603925,9.0352165774606,39.12949818614332,23.0,1932,35.528198037466545,37841.619999999995
always-zero,P3,0.9,margin,3363,0.7133511745465358,0.5269349874870626,67.27452776489245,5.396222977500248,61.87830478739221,0.0,4,29.611416889681834,76020.45
chronos2-ft-full,P1,0.95,margin,3363,0.9000892060660125,0.8663515241788182,37.81883788978095,8.21722474675389,29.601613143027063,19.0,1753,35.84984240261671,21477.0
chronos2-zs,P1,0.95,margin,3363,0.9066309842402617,0.8698238829583601,38.12510766379224,9.202151969471702,28.922955694320546,21.0,1903,36.9307225691347,20919.0
chronos2-ft-full-short,P1,0.95,margin,3363,0.8920606601248885,0.8589836517863855,38.308083602933884,7.952010156606206,30.35607344632768,18.0,1715,35.23536128456735,22661.0
chronos2-ft-full-h32,P1,0.95,margin,3363,0.8914659530181386,0.8583862567275395,38.70341046882743,7.805981090296363,30.897429378531072,18.0,1699,35.04728516205768,22757.0
emp-daily,P1,0.95,margin,3363,0.8745168004757656,0.8206570250423031,41.02866579641193,8.554288752106254,32.474377044305676,19.0,1738,35.80806422836753,28820.0
gbdt-lean,P1,0.95,margin,3363,0.8765982753493904,0.771380520241487,47.91500728516206,9.503707136485282,38.41130014867677,25.0,2060,36.2080969372584,36738.619999999995
always-zero,P1,0.95,margin,3363,0.7133511745465358,0.5269349874870626,67.27452776489245,5.396222977500248,61.87830478739221,0.0,4,29.611416889681834,76020.45
chronos2-ft-full,P2,0.95,margin,3363,0.8986024382991377,0.871222864269807,37.505253141383605,8.185648684754225,29.31960445662937,18.79042030343912,1786,35.98873580407782,20694.186948887116
chronos2-zs,P2,0.95,margin,3363,0.9051442164733868,0.8743051921952757,37.8105648484868,9.114362122705103,28.6962027257817,21.16208387432483,1925,37.031874670688,20198.86400226509
chronos2-ft-full-short,P2,0.95,margin,3363,0.8902765388046388,0.8637703395517486,38.045679820366836,7.915259235821149,30.13042058454568,18.06289775181903,1753,35.35869522737454,21891.79038122175
chronos2-ft-full-h32,P2,0.95,margin,3363,0.8890871245911388,0.8631640178765368,38.414669841162926,7.773907119746423,30.640762721416504,17.38141471695466,1740,35.187572493673706,21989.224867762
emp-daily,P2,0.95,margin,3363,0.872137972048766,0.8252053823700991,40.83686760783692,8.455732378730902,32.38113522910603,18.776156639135014,1793,35.83447161335254,28089.089529612174
gbdt-lean,P2,0.95,margin,3363,0.8736247398156408,0.7753708794802211,47.629422918825384,9.458037051409478,38.17138586741591,24.262539769047883,2080,36.2763270079019,36097.37852796886
always-zero,P2,0.95,margin,3363,0.7133511745465358,0.5269349874870626,67.27452776489245,5.396222977500248,61.87830478739221,0.0,4,29.611416889681834,76020.45
chronos2-ft-full,P3,0.95,margin,3363,0.9051442164733868,0.8743230144952933,37.29923545148181,8.421418026563584,28.87781742491822,20.0,1793,36.37169788878977,20196.0
chronos2-zs,P3,0.95,margin,3363,0.911983348201011,0.8774655614194306,37.683824335414805,9.432142801070473,28.251681534344332,22.0,1927,37.49212607790663,19691.0
chronos2-ft-full-short,P3,0.95,margin,3363,0.8980077311923877,0.8671667195195351,37.7688590266627,8.14225629101001,29.626602735652696,19.0,1753,35.71885816235504,21346.0
chronos2-ft-full-h32,P3,0.95,margin,3363,0.895926256318763,0.8660901638405731,38.15793428189117,7.971353847754981,30.18658043413619,18.0,1736,35.50565566458519,21519.0
emp-daily,P3,0.95,margin,3363,0.8783823966696402,0.8282800349077846,40.54565590940628,8.700171223114284,31.845484686292,19.0,1768,36.203841807909605,27595.0
gbdt-lean,P3,0.95,margin,3363,0.8807612250966399,0.7791093188153059,47.54289498463673,9.759125314699178,37.783769669937556,25.0,2095,36.6914451382694,35496.619999999995
always-zero,P3,0.95,margin,3363,0.7133511745465358,0.5269349874870626,67.27452776489245,5.396222977500248,61.87830478739221,0.0,4,29.611416889681834,76020.45
chronos2-ft-full,P1,0.98,margin,3363,0.9164436515016354,0.8807076741867088,36.843341953612835,8.903892057686589,27.939449895926256,22.0,1905,37.2014629794826,19170.0
chronos2-ft-full-short,P1,0.98,margin,3363,0.9081177520071365,0.873538933480558,37.34518403409654,8.603779038556844,28.741404995539696,21.0,1869,36.50833184656556,20322.0
chronos2-zs,P1,0.98,margin,3363,0.9241748438893844,0.8836759808853494,37.506748039448894,10.111062639508376,27.395685399940525,24.0,2038,38.51829319060363,18693.0
chronos2-ft-full-h32,P1,0.98,margin,3363,0.9090098126672613,0.8727112924094486,37.618991918921594,8.391919364654575,29.22707255426702,20.0,1836,36.26702943800178,20455.0
emp-daily,P1,0.98,margin,3363,0.8896818316978888,0.8368862574742834,39.958042791158675,9.184684182773317,30.77335860838537,21.0,1870,37.065572405590245,26212.0
gbdt-lean,P1,0.98,margin,3363,0.8896818316978888,0.7872861636832591,47.28259874615918,10.35044073248092,36.93215801367826,28.0,2199,37.61472792149866,34182.619999999995
always-zero,P1,0.98,margin,3363,0.7133511745465358,0.5269349874870626,67.27452776489245,5.396222977500248,61.87830478739221,0.0,4,29.611416889681834,76020.45
chronos2-ft-full,P2,0.98,margin,3363,0.9110912875408861,0.8832535736091212,36.68850896286389,8.734591648608394,27.953917314255502,20.803991162297272,1901,37.114251520436596,18760.879869305
chronos2-ft-full-short,P2,0.98,margin,3363,0.904252155813262,0.8762368642065972,37.15428455811673,8.43341183384832,28.720872724268418,19.923360846254315,1868,36.418395522581484,19888.44879152478
chronos2-zs,P2,0.98,margin,3363,0.9194171870353851,0.8861582277982232,37.22534127606485,9.817452212822841,27.407889063242017,23.351038044322163,2028,38.327912916946616,18294.108679914036
chronos2-ft-full-h32,P2,0.98,margin,3363,0.903657448706512,0.8753463095334633,37.51036640786886,8.261445779896953,29.248920627971906,19.21988850490882,1834,36.21799646953779,20031.55886141057
emp-daily,P2,0.98,margin,3363,0.8846268212905144,0.8395650526507221,39.85303280339744,9.030340156970206,30.82269264642724,20.42087152531255,1885,36.92638468611761,25781.523829951107
gbdt-lean,P2,0.98,margin,3363,0.8855188819506393,0.7888743898665258,47.086689193736724,10.125948394270319,36.9607407994664,26.602650014153724,2185,37.39258589725278,33927.395737033796
always-zero,P2,0.98,margin,3363,0.7133511745465358,0.5269349874870626,67.27452776489245,5.396222977500248,61.87830478739221,0.0,4,29.611416889681834,76020.45
chronos2-ft-full,P3,0.98,margin,3363,0.9235801367826345,0.8877519575889334,36.431297127564676,9.152684281891169,27.278612845673504,22.0,1945,37.80583407671722,18038.0
chronos2-ft-full-short,P3,0.98,margin,3363,0.9152542372881356,0.8810872689636838,36.88426734265041,8.83357748240658,28.050689860243825,21.0,1916,37.066613143027055,19109.0
chronos2-zs,P3,0.98,margin,3363,0.9283377936366339,0.8906704813660036,37.1564089572802,10.38342055406879,26.772988403211418,25.0,2076,39.15477847160274,17569.0
chronos2-ft-full-h32,P3,0.98,margin,3363,0.9146595301813857,0.8799235931719736,37.18320452671226,8.607395725047082,28.57580880166518,21.0,1896,36.802265834076714,19296.0
emp-daily,P3,0.98,margin,3363,0.8953315492120131,0.8445714959917281,39.52805205867776,9.39532978689662,30.132722271781148,21.0,1910,37.5340529289325,24977.0
gbdt-lean,P3,0.98,margin,3363,0.8935474278917633,0.7947536019188329,46.98041153731788,10.662374843889385,36.31803669342848,28.0,2242,38.198878977103774,32982.619999999995
always-zero,P3,0.98,margin,3363,0.7133511745465358,0.5269349874870626,67.27452776489245,5.396222977500248,61.87830478739221,0.0,4,29.611416889681834,76020.45
chronos2-ft-full,P3m,,margin,3363,0.8941421349985132,0.8565442886294313,37.01319342551293,8.048312366934285,28.964881058578648,19.0,1741,35.64451977401129,23053.0
chronos2-zs,P3m,,margin,3363,0.8991971454058876,0.8593508008329678,37.286983716919416,8.934283746654772,28.352699970264645,21.0,1851,36.7145465358311,22602.0
chronos2-ft-full-short,P3m,,margin,3363,0.8855188819506393,0.8490581817982686,37.56212637228665,7.786745759738329,29.775380612548318,18.0,1698,35.0316741005055,24256.0
chronos2-ft-full-h32,P3m,,margin,3363,0.8855188819506393,0.8481683120751962,37.97084510060461,7.62329975418773,30.347545346416887,17.0,1669,34.80851025869759,24399.0
emp-daily,P3m,,margin,3363,0.8682723758548915,0.808149065997717,40.34135483893349,8.284876991773219,32.056477847160274,18.0,1715,35.49792447219744,30830.0
gbdt-lean,P3m,,margin,3363,0.871245911388641,0.7649896376848752,47.28178823471107,9.305913301615622,37.975874933095454,25.0,2028,36.09807612250966,37765.619999999995
always-zero,P3m,,margin,3363,0.7133511745465358,0.5269349874870626,67.27452776489245,5.396222977500248,61.87830478739221,0.0,4,29.611416889681834,76020.45
