alpha,lam,estimand,point,ci_lo,ci_hi,sim_lo,sim_hi,p_two_sided_pointwise,n_cells,n_clusters,n_draws,bootstrap_draws,natural_censoring_rate,recensor_fraction,recensor_rate_total,recensor_rate_scored_mean,recensor_rate_scored_sd,crit_r0r3,crit_adid
0.8,0.0,R₀,-5.220852499604619,-9.462912754984206,-0.5680763857801786,-11.43930617965043,0.9976011804411931,0.02995940081198376,5675,1135,50,50000,0.3530837004405286,0.0,0.0,0.0,0.0,2.7627351157571503,
0.8,0.0,R₃,4.934693652156616,0.04484133827932549,11.110177608315952,-2.8854963417728277,12.75488364608606,0.04751904961900762,5675,1135,50,50000,0.3530837004405286,0.0,0.0,0.0,0.0,2.7627351157571503,
0.8,0.0,A,10.155546151761236,6.690207564822048,14.769005671380762,4.160488849866106,16.150603453656366,3.999920001599968e-05,5675,1135,50,50000,0.3530837004405286,0.0,0.0,0.0,0.0,,2.8947897623465555
0.8,0.25,R₀,-4.487340231625577,-8.974931417597634,0.6303056953618069,-11.201747928837047,2.2270674655858924,0.07855842883142337,5675,1135,50,50000,0.3530837004405286,0.25,0.08821585903083701,0.09106607929515417,0.0020788745447010773,2.7627351157571503,
0.8,0.25,R₃,6.600868147124739,1.3761098021258371,13.274165984364824,-1.8114181390172472,15.013154433266726,0.009359812803743926,5675,1135,50,50000,0.3530837004405286,0.25,0.08821585903083701,0.09106607929515417,0.0020788745447010773,2.7627351157571503,
0.8,0.25,A,11.088208378750316,7.344848937649523,16.03877696414234,4.635658386581895,17.540758370918738,3.999920001599968e-05,5675,1135,50,50000,0.3530837004405286,0.25,0.08821585903083701,0.09106607929515417,0.0020788745447010773,,2.8947897623465555
0.8,0.25,DiD,-0.9326622269890805,-1.477949742036414,-0.4887031708784813,-1.6641078268959317,-0.20121662708222932,0.00011999760004799904,5675,1135,50,50000,0.3530837004405286,0.25,0.08821585903083701,0.09106607929515417,0.0020788745447010773,,2.8947897623465555
0.8,0.5,R₀,-3.734373652433646,-8.591750661159079,2.0171488488601645,-11.154861333877278,3.6861140290099867,0.16835663286734265,5675,1135,50,50000,0.3530837004405286,0.5,0.1765418502202643,0.18265022026431715,0.0021098002016327637,2.7627351157571503,
0.8,0.5,R₃,8.44743454126166,2.804108774118743,15.776423048346796,-0.7414877732214542,17.636356855744776,0.0014799704005919881,5675,1135,50,50000,0.3530837004405286,0.5,0.1765418502202643,0.18265022026431715,0.0021098002016327637,2.7627351157571503,
0.8,0.5,A,12.181808193695307,8.078393962098296,17.577184065138763,5.139999082589629,19.223617304800985,3.999920001599968e-05,5675,1135,50,50000,0.3530837004405286,0.5,0.1765418502202643,0.18265022026431715,0.0021098002016327637,,2.8947897623465555
0.8,0.5,DiD,-2.0262620419340713,-3.2388637959376023,-1.0565020925313342,-3.640612689440194,-0.41191139442794866,0.00011999760004799904,5675,1135,50,50000,0.3530837004405286,0.5,0.1765418502202643,0.18265022026431715,0.0021098002016327637,,2.8947897623465555
0.8,0.75,R₀,-2.7118352470038523,-8.10248710777986,3.9017677230142027,-11.127643412397745,5.70397291839004,0.3504729905401892,5675,1135,50,50000,0.3530837004405286,0.75,0.2647577092511013,0.273152422907489,0.0020484781605284476,2.7627351157571503,
0.8,0.75,R₃,10.686189763282847,4.49298558366597,18.781598203485945,0.5429287389753323,20.82945078759036,0.00011999760004799904,5675,1135,50,50000,0.3530837004405286,0.75,0.2647577092511013,0.273152422907489,0.0020484781605284476,2.7627351157571503,
0.8,0.75,A,13.3980250102867,8.856185055599655,19.354732082218025,5.624088221027981,21.171961799545418,3.999920001599968e-05,5675,1135,50,50000,0.3530837004405286,0.75,0.2647577092511013,0.273152422907489,0.0020484781605284476,,2.8947897623465555
0.8,0.75,DiD,-3.2424788585254642,-5.267473567462724,-1.6262127805524051,-5.939831374608085,-0.5451263424428436,0.0002799944001119978,5675,1135,50,50000,0.3530837004405286,0.75,0.2647577092511013,0.273152422907489,0.0020484781605284476,,2.8947897623465555
0.8,1.0,R₀,-1.2293347153359806,-7.428178785673195,6.6978900562718815,-11.123203765537026,8.664534334865065,0.6681466370672586,5675,1135,50,50000,0.3530837004405286,1.0,0.3530837004405286,0.3645814977973568,0.0,2.7627351157571503,
0.8,1.0,R₃,13.413280902966873,6.498969761181987,22.579862835426653,2.027411666573583,24.799150139360165,3.999920001599968e-05,5675,1135,50,50000,0.3530837004405286,1.0,0.3530837004405286,0.3645814977973568,0.0,2.7627351157571503,
0.8,1.0,A,14.642615618302854,9.482223292001946,21.307402120957303,5.886334760135373,23.398896476470334,3.999920001599968e-05,5675,1135,50,50000,0.3530837004405286,1.0,0.3530837004405286,0.3645814977973568,0.0,,2.8947897623465555
0.8,1.0,DiD,-4.487069466541618,-7.583592535052988,-1.978795352561045,-8.61948003750166,-0.3546588955815757,0.001119977600447991,5675,1135,50,50000,0.3530837004405286,1.0,0.3530837004405286,0.3645814977973568,0.0,,2.8947897623465555
0.85,0.0,R₀,-6.393802469765123,-9.939855416837725,-1.895680179315006,-12.067736815635179,-0.7198681238950675,0.008879822403551929,5675,1135,50,50000,0.3530837004405286,0.0,0.0,0.0,0.0,2.7627351157571503,
0.85,0.0,R₃,1.5873638237359131,-3.1030886338316592,7.759636979764806,-6.112933396971304,9.28766104444313,0.5508289834203316,5675,1135,50,50000,0.3530837004405286,0.0,0.0,0.0,0.0,2.7627351157571503,
0.85,0.0,A,7.981166293501036,5.105011634348968,12.087632305964084,2.7967495204436297,13.165583066558442,3.999920001599968e-05,5675,1135,50,50000,0.3530837004405286,0.0,0.0,0.0,0.0,,2.8947897623465555
0.85,0.25,R₀,-5.827120228076961,-9.624342775451442,-0.8547328200075012,-12.03193730724584,0.37769685109191986,0.02623947521049579,5675,1135,50,50000,0.3530837004405286,0.25,0.08821585903083701,0.09106607929515417,0.0020788745447010773,2.7627351157571503,
0.85,0.25,R₃,3.3583895812993294,-1.8264265647282596,10.176160213845458,-5.144834451057351,11.86161361365601,0.22971540569188617,5675,1135,50,50000,0.3530837004405286,0.25,0.08821585903083701,0.09106607929515417,0.0020788745447010773,2.7627351157571503,
0.85,0.25,A,9.18550980937629,6.041468248181874,13.685045626573949,3.4961638153549845,14.874855803397596,3.999920001599968e-05,5675,1135,50,50000,0.3530837004405286,0.25,0.08821585903083701,0.09106607929515417,0.0020788745447010773,,2.8947897623465555
0.85,0.25,DiD,-1.2043435158752542,-1.7952664134392362,-0.7602114132698179,-1.9735435624199296,-0.4351434693305788,3.999920001599968e-05,5675,1135,50,50000,0.3530837004405286,0.25,0.08821585903083701,0.09106607929515417,0.0020788745447010773,,2.8947897623465555
0.85,0.5,R₀,-5.260335536781365,-9.47678250446491,0.45009889942100584,-12.271703390845552,1.7510323172828235,0.06555868882622348,5675,1135,50,50000,0.3530837004405286,0.5,0.1765418502202643,0.18265022026431715,0.0021098002016327637,2.7627351157571503,
0.85,0.5,R₃,5.462364223827853,-0.41660066136077084,13.19720388074155,-4.173292592784312,15.098021040440019,0.07131857362852743,5675,1135,50,50000,0.3530837004405286,0.5,0.1765418502202643,0.18265022026431715,0.0021098002016327637,2.7627351157571503,
0.85,0.5,A,10.722699760609217,7.1921532704163065,15.769578821208638,4.343009244273376,17.10239027694506,3.999920001599968e-05,5675,1135,50,50000,0.3530837004405286,0.5,0.1765418502202643,0.18265022026431715,0.0021098002016327637,,2.8947897623465555
0.85,0.5,DiD,-2.741533467108181,-4.079445970369086,-1.751197533171514,-4.473257055202908,-1.009809879013454,3.999920001599968e-05,5675,1135,50,50000,0.3530837004405286,0.5,0.1765418502202643,0.18265022026431715,0.0021098002016327637,,2.8947897623465555
0.85,0.75,R₀,-4.502673378045057,-9.317395551121699,2.2205897920060678,-12.646786244001454,3.6414394879113408,0.1623567528649427,5675,1135,50,50000,0.3530837004405286,0.75,0.2647577092511013,0.273152422907489,0.0020484781605284476,2.7627351157571503,
0.85,0.75,R₃,8.166428253881731,1.3964761091769915,17.11758965219647,-2.959442350931594,19.292298858695055,0.013959720805583888,5675,1135,50,50000,0.3530837004405286,0.75,0.2647577092511013,0.273152422907489,0.0020484781605284476,2.7627351157571503,
0.85,0.75,A,12.66910163192679,8.584685988834918,18.427562554808055,5.338825303699265,19.999377960154312,3.999920001599968e-05,5675,1135,50,50000,0.3530837004405286,0.75,0.2647577092511013,0.273152422907489,0.0020484781605284476,,2.8947897623465555
0.85,0.75,DiD,-4.687935338425754,-7.025337031061198,-2.980152521794057,-7.705325532736424,-1.6705451441150836,3.999920001599968e-05,5675,1135,50,50000,0.3530837004405286,0.75,0.2647577092511013,0.273152422907489,0.0020484781605284476,,2.8947897623465555
0.85,1.0,R₀,-3.3833090313317484,-9.107806649324402,4.846862831786353,-13.272502124346326,6.5058840616828295,0.36543269134617307,5675,1135,50,50000,0.3530837004405286,1.0,0.3530837004405286,0.3645814977973568,0.0,2.7627351157571503,
0.85,1.0,R₃,11.742443678779303,3.751822597088552,22.41084074738841,-1.492185405528705,24.97707276308731,0.001999960000799984,5675,1135,50,50000,0.3530837004405286,1.0,0.3530837004405286,0.3645814977973568,0.0,2.7627351157571503,
0.85,1.0,A,15.125752710111051,10.252053818532456,21.919750891105366,6.418999742081876,23.832505678140226,3.999920001599968e-05,5675,1135,50,50000,0.3530837004405286,1.0,0.3530837004405286,0.3645814977973568,0.0,,2.8947897623465555
0.85,1.0,DiD,-7.144586416610015,-10.915257384488735,-4.447744461877398,-11.954034578570429,-2.3351382546496025,3.999920001599968e-05,5675,1135,50,50000,0.3530837004405286,1.0,0.3530837004405286,0.3645814977973568,0.0,,2.8947897623465555
0.9,0.0,R₀,-8.424128081611748,-11.86021405019071,-4.338572978533189,-13.717906153468947,-3.130350009754549,7.999840003199936e-05,5675,1135,50,50000,0.3530837004405286,0.0,0.0,0.0,0.0,2.7627351157571503,
0.9,0.0,R₃,-2.1197527232780145,-6.4297814137282785,3.358276381439848,-9.050721904669174,4.8112164581131465,0.43039139217215655,5675,1135,50,50000,0.3530837004405286,0.0,0.0,0.0,0.0,2.7627351157571503,
0.9,0.0,A,6.304375358333734,3.776719119719696,9.963670291495195,1.7080256198434451,10.900725096824022,3.999920001599968e-05,5675,1135,50,50000,0.3530837004405286,0.0,0.0,0.0,0.0,,2.8947897623465555
0.9,0.25,R₀,-7.93201520004758,-11.546446295689195,-3.51902142552447,-13.592725375553908,-2.2713050245412525,0.000999980000399992,5675,1135,50,50000,0.3530837004405286,0.25,0.08821585903083701,0.09106607929515417,0.0020788745447010773,2.7627351157571503,
0.9,0.25,R₃,-0.3581632477401912,-5.110849479939616,5.729907949217934,-8.014156408468969,7.297829912988586,0.9275014499710006,5675,1135,50,50000,0.3530837004405286,0.25,0.08821585903083701,0.09106607929515417,0.0020788745447010773,2.7627351157571503,
0.9,0.25,A,7.573851952307389,4.75429218030509,11.71923201039948,2.4023883147005005,12.745315589914277,3.999920001599968e-05,5675,1135,50,50000,0.3530837004405286,0.25,0.08821585903083701,0.09106607929515417,0.0020788745447010773,,2.8947897623465555
0.9,0.25,DiD,-1.2694765939736552,-1.9504683288364635,-0.7882430521245187,-2.1350417947946747,-0.40391139315263547,3.999920001599968e-05,5675,1135,50,50000,0.3530837004405286,0.25,0.08821585903083701,0.09106607929515417,0.0020788745447010773,,2.8947897623465555
0.9,0.5,R₀,-7.599942942300409,-11.572719001031283,-2.5602867892751866,-13.953723288972572,-1.2461625956282445,0.004519909601807964,5675,1135,50,50000,0.3530837004405286,0.5,0.1765418502202643,0.18265022026431715,0.0021098002016327637,2.7627351157571503,
0.9,0.5,R₃,1.6941826786193264,-3.7368836193620956,8.736303098136435,-7.141198999710016,10.529564356948669,0.5503489930201396,5675,1135,50,50000,0.3530837004405286,0.5,0.1765418502202643,0.18265022026431715,0.0021098002016327637,2.7627351157571503,
0.9,0.5,A,9.294125620919734,6.043559205728599,14.140814221203891,3.267288371771616,15.320962870067852,3.999920001599968e-05,5675,1135,50,50000,0.3530837004405286,0.5,0.1765418502202643,0.18265022026431715,0.0021098002016327637,,2.8947897623465555
0.9,0.5,DiD,-2.989750262586001,-4.587216682572256,-1.8965684868153427,-4.997894379168875,-0.9816061460031267,3.999920001599968e-05,5675,1135,50,50000,0.3530837004405286,0.5,0.1765418502202643,0.18265022026431715,0.0021098002016327637,,2.8947897623465555
0.9,0.75,R₀,-7.068284561462498,-11.547404388730353,-1.2450482644931502,-14.330431389553008,0.19386226662801143,0.020999580008399833,5675,1135,50,50000,0.3530837004405286,0.75,0.2647577092511013,0.273152422907489,0.0020484781605284476,2.7627351157571503,
0.9,0.75,R₃,4.504212291113057,-1.8097743954679633,12.896959621631412,-5.913796430295126,14.922221012521241,0.1736365272694546,5675,1135,50,50000,0.3530837004405286,0.75,0.2647577092511013,0.273152422907489,0.0020484781605284476,2.7627351157571503,
0.9,0.75,A,11.572496852575554,7.620261807976616,17.45853609801549,4.248899191826037,18.89609451332507,3.999920001599968e-05,5675,1135,50,50000,0.3530837004405286,0.75,0.2647577092511013,0.273152422907489,0.0020484781605284476,,2.8947897623465555
0.9,0.75,DiD,-5.268121494241821,-8.211289270089575,-3.318682242372819,-8.91761894834241,-1.6186240401412313,3.999920001599968e-05,5675,1135,50,50000,0.3530837004405286,0.75,0.2647577092511013,0.273152422907489,0.0020484781605284476,,2.8947897623465555
0.9,1.0,R₀,-6.142172509235638,-11.374425381314,0.9593497569864217,-14.852221280682691,2.567876262211416,0.08371832563348733,5675,1135,50,50000,0.3530837004405286,1.0,0.3530837004405286,0.3645814977973568,0.0,2.7627351157571503,
0.9,1.0,R₃,8.479036526175477,0.9076915865186096,18.991511225007546,-4.338982692163235,21.29705574451419,0.025559488810223796,5675,1135,50,50000,0.3530837004405286,1.0,0.3530837004405286,0.3645814977973568,0.0,2.7627351157571503,
0.9,1.0,A,14.621209035411116,9.64029855886964,22.247965711301653,5.228014458446964,24.01440361237527,3.999920001599968e-05,5675,1135,50,50000,0.3530837004405286,1.0,0.3530837004405286,0.3645814977973568,0.0,,2.8947897623465555
0.9,1.0,DiD,-8.316833677077383,-13.356841355057197,-5.137840153017397,-14.43934398208454,-2.194323372070226,3.999920001599968e-05,5675,1135,50,50000,0.3530837004405286,1.0,0.3530837004405286,0.3645814977973568,0.0,,2.8947897623465555
0.95,0.0,R₀,-9.346407519982728,-12.693499911998416,-5.933521270527106,-14.10186696050907,-4.590948079456385,3.999920001599968e-05,5675,1135,50,50000,0.3530837004405286,0.0,0.0,0.0,0.0,2.7627351157571503,
0.95,0.0,R₃,-6.906485609764894,-10.789802900782735,-2.3255561030808662,-12.872454513596026,-0.9405167059337618,0.0033599328013439733,5675,1135,50,50000,0.3530837004405286,0.0,0.0,0.0,0.0,2.7627351157571503,
0.95,0.0,A,2.4399219102178344,0.043045296385934156,5.770678748150714,-1.8210996969133069,6.700943517348976,0.045199096018079636,5675,1135,50,50000,0.3530837004405286,0.0,0.0,0.0,0.0,,2.8947897623465555
0.95,0.25,R₀,-9.054641406491811,-12.497631640677982,-5.468944668518174,-13.987752212700524,-4.121530600283099,3.999920001599968e-05,5675,1135,50,50000,0.3530837004405286,0.25,0.08821585903083701,0.09106607929515417,0.0020788745447010773,2.7627351157571503,
0.95,0.25,R₃,-5.478570852814723,-9.603559199257594,-0.47108286145666395,-11.933560238783727,0.9764185331542796,0.031599368012639746,5675,1135,50,50000,0.3530837004405286,0.25,0.08821585903083701,0.09106607929515417,0.0020788745447010773,2.7627351157571503,
0.95,0.25,A,3.576070553677088,0.8640690294557974,7.480538852209959,-1.342763144079976,8.494904251434152,0.006519869602607948,5675,1135,50,50000,0.3530837004405286,0.25,0.08821585903083701,0.09106607929515417,0.0020788745447010773,,2.8947897623465555
0.95,0.25,DiD,-1.1361486434592534,-1.9323461829057842,-0.6155570546032334,-2.118200329018039,-0.15409695790046773,3.999920001599968e-05,5675,1135,50,50000,0.3530837004405286,0.25,0.08821585903083701,0.09106607929515417,0.0020788745447010773,,2.8947897623465555
0.95,0.5,R₀,-8.972297293366928,-12.709793705712471,-4.995505077623194,-14.382979176464316,-3.5616154102695408,3.999920001599968e-05,5675,1135,50,50000,0.3530837004405286,0.5,0.1765418502202643,0.18265022026431715,0.0021098002016327637,2.7627351157571503,
0.95,0.5,R₃,-3.775408551087589,-8.395263639833184,2.046528159548355,-11.180835211510338,3.6300181093351607,0.20539589208215836,5675,1135,50,50000,0.3530837004405286,0.5,0.1765418502202643,0.18265022026431715,0.0021098002016327637,2.7627351157571503,
0.95,0.5,A,5.19688874227934,1.9994668434230776,9.976819527697351,-0.759105103586788,11.152882588145467,0.00031999360012799745,5675,1135,50,50000,0.3530837004405286,0.5,0.1765418502202643,0.18265022026431715,0.0021098002016327637,,2.8947897623465555
0.95,0.5,DiD,-2.7569668320615053,-4.696100122688525,-1.5734562155490952,-5.082270617311855,-0.4316630468111553,3.999920001599968e-05,5675,1135,50,50000,0.3530837004405286,0.5,0.1765418502202643,0.18265022026431715,0.0021098002016327637,,2.8947897623465555
0.95,0.75,R₀,-8.758026389896823,-12.944925464432336,-4.266129617836935,-14.855297323973828,-2.660755455819819,0.0003999920001599968,5675,1135,50,50000,0.3530837004405286,0.75,0.2647577092511013,0.273152422907489,0.0020484781605284476,2.7627351157571503,
0.95,0.75,R₃,-1.244808217466326,-6.635254609845374,5.895722589375165,-10.149567498479625,7.6599510635469725,0.7704245915081699,5675,1135,50,50000,0.3530837004405286,0.75,0.2647577092511013,0.273152422907489,0.0020484781605284476,2.7627351157571503,
0.95,0.75,A,7.513218172430498,3.4940180593646626,13.84030973049268,-0.2131009743556378,15.239537319216634,3.999920001599968e-05,5675,1135,50,50000,0.3530837004405286,0.75,0.2647577092511013,0.273152422907489,0.0020484781605284476,,2.8947897623465555
0.95,0.75,DiD,-5.073296262212663,-8.866196221683362,-2.880780063372634,-9.55102877701577,-0.5955637474095559,3.999920001599968e-05,5675,1135,50,50000,0.3530837004405286,0.75,0.2647577092511013,0.273152422907489,0.0020484781605284476,,2.8947897623465555
0.95,1.0,R₀,-8.348807812395918,-13.358029256778538,-2.994691371480504,-15.601984878582247,-1.0956307462095891,0.003959920801583968,5675,1135,50,50000,0.3530837004405286,1.0,0.3530837004405286,0.3645814977973568,0.0,2.7627351157571503,
0.95,1.0,R₃,2.7123216537147936,-3.9408353025064895,12.452874125382785,-9.000737981524429,14.425381288954016,0.4367112657746845,5675,1135,50,50000,0.3530837004405286,1.0,0.3530837004405286,0.3645814977973568,0.0,2.7627351157571503,
0.95,1.0,A,11.061129466110712,5.631223384120528,20.545640927259306,-0.05558532277338735,22.17784425499481,3.999920001599968e-05,5675,1135,50,50000,0.3530837004405286,1.0,0.3530837004405286,0.3645814977973568,0.0,,2.8947897623465555
0.95,1.0,DiD,-8.621207555892877,-15.996452510519216,-4.8160997855215495,-16.946880424420108,-0.2955346873656435,3.999920001599968e-05,5675,1135,50,50000,0.3530837004405286,1.0,0.3530837004405286,0.3645814977973568,0.0,,2.8947897623465555
0.98,0.0,R₀,-12.54736638902795,-17.14301044213522,-7.819051588344948,-19.15182022755156,-5.942912550504337,3.999920001599968e-05,5675,1135,50,50000,0.3530837004405286,0.0,0.0,0.0,0.0,2.7627351157571503,
0.98,0.0,R₃,-13.022229607141558,-17.827348569652155,-7.699341260422194,-20.215690439543252,-5.828768774739863,3.999920001599968e-05,5675,1135,50,50000,0.3530837004405286,0.0,0.0,0.0,0.0,2.7627351157571503,
0.98,0.0,A,-0.4748632181136081,-2.744873585102766,2.5170716320684567,-4.361683029610889,3.411956593383673,0.7001859962800744,5675,1135,50,50000,0.3530837004405286,0.0,0.0,0.0,0.0,,2.8947897623465555
0.98,0.25,R₀,-12.58792740100931,-17.43717219854168,-7.569903580893787,-19.56479606883257,-5.611058733186048,3.999920001599968e-05,5675,1135,50,50000,0.3530837004405286,0.25,0.08821585903083701,0.09106607929515417,0.0020788745447010773,2.7627351157571503,
0.98,0.25,R₃,-12.176525656131568,-17.212831177738998,-6.483408733844609,-19.816870525712968,-4.53618078655017,3.999920001599968e-05,5675,1135,50,50000,0.3530837004405286,0.25,0.08821585903083701,0.09106607929515417,0.0020788745447010773,2.7627351157571503,
0.98,0.25,A,0.4114017448777414,-2.0539793433746887,3.947433814666356,-4.030009891345964,4.852813381101447,0.7888242235155297,5675,1135,50,50000,0.3530837004405286,0.25,0.08821585903083701,0.09106607929515417,0.0020788745447010773,,2.8947897623465555
0.98,0.25,DiD,-0.8862649629913495,-1.6765131187297886,-0.3959591913935185,-1.8391669552094716,0.06663702922677261,0.00023999520009599807,5675,1135,50,50000,0.3530837004405286,0.25,0.08821585903083701,0.09106607929515417,0.0020788745447010773,,2.8947897623465555
0.98,0.5,R₀,-12.96622833426126,-18.304406777724125,-7.405939713412784,-20.70209275717712,-5.230363911345398,3.999920001599968e-05,5675,1135,50,50000,0.3530837004405286,0.5,0.1765418502202643,0.18265022026431715,0.0021098002016327637,2.7627351157571503,
0.98,0.5,R₃,-11.14706273371009,-16.613477599020026,-4.807782356291609,-19.631621201703254,-2.662504265716926,0.00011999760004799904,5675,1135,50,50000,0.3530837004405286,0.5,0.1765418502202643,0.18265022026431715,0.0021098002016327637,2.7627351157571503,
0.98,0.5,A,1.8191656005511696,-1.0362655965233993,6.36758246711578,-3.6648650763029273,7.303196277405267,0.25315493690126195,5675,1135,50,50000,0.3530837004405286,0.5,0.1765418502202643,0.18265022026431715,0.0021098002016327637,,2.8947897623465555
0.98,0.5,DiD,-2.2940288186647777,-4.3449421543640945,-1.1464436020339372,-4.675783467692899,0.08772583036334325,3.999920001599968e-05,5675,1135,50,50000,0.3530837004405286,0.5,0.1765418502202643,0.18265022026431715,0.0021098002016327637,,2.8947897623465555
0.98,0.75,R₀,-13.39139408193665,-19.55489509932947,-7.086128664808504,-22.23031487450684,-4.552473289366462,3.999920001599968e-05,5675,1135,50,50000,0.3530837004405286,0.75,0.2647577092511013,0.273152422907489,0.0020484781605284476,2.7627351157571503,
0.98,0.75,R₃,-9.454571959470506,-15.645160855837592,-2.0895632163396596,-19.300663929306175,0.39152001036516104,0.006159876802463951,5675,1135,50,50000,0.3530837004405286,0.75,0.2647577092511013,0.273152422907489,0.0020484781605284476,2.7627351157571503,
0.98,0.75,A,3.9368221224661433,0.30128232257155513,10.34470826939152,-3.5334625990271267,11.407106843959413,0.030479390412191755,5675,1135,50,50000,0.3530837004405286,0.75,0.2647577092511013,0.273152422907489,0.0020484781605284476,,2.8947897623465555
0.98,0.75,DiD,-4.411685340579751,-8.695859452115382,-2.2110145424301098,-9.257696918867008,0.4343262377075048,3.999920001599968e-05,5675,1135,50,50000,0.3530837004405286,0.75,0.2647577092511013,0.273152422907489,0.0020484781605284476,,2.8947897623465555
0.98,1.0,R₀,-13.912701510796644,-21.801212395704674,-6.490551740689802,-24.725904018922304,-3.099499002670985,7.999840003199936e-05,5675,1135,50,50000,0.3530837004405286,1.0,0.3530837004405286,0.3645814977973568,0.0,2.7627351157571503,
0.98,1.0,R₃,-6.494994116979829,-13.942595923929277,3.2024897144958704,-19.110579129453,6.120590895493345,0.23723525529489412,5675,1135,50,50000,0.3530837004405286,1.0,0.3530837004405286,0.3645814977973568,0.0,2.7627351157571503,
0.98,1.0,A,7.417707393816816,2.1835295997781605,18.324254328572827,-4.611639652721827,19.44705444035546,0.0009599808003839923,5675,1135,50,50000,0.3530837004405286,1.0,0.3530837004405286,0.3645814977973568,0.0,,2.8947897623465555
0.98,1.0,DiD,-7.892570611930424,-17.179750572974147,-3.8561114971393144,-17.81973922855589,2.0345980046950416,3.999920001599968e-05,5675,1135,50,50000,0.3530837004405286,1.0,0.3530837004405286,0.3645814977973568,0.0,,2.8947897623465555
